"","Cases","human","PA_status","quotes","construct"
"1","Participant01","Human participants",1,3,"BR+"
"2","Participant02","Human participants",1,1,"BR+"
"3","Participant03","Human participants",0,3,"BR+"
"4","Participant04","Human participants",0,2,"BR+"
"5","Participant05","Human participants",0,1,"BR+"
"6","Participant06","Human participants",0,0,"BR+"
"7","Participant07","Human participants",1,7,"BR+"
"8","Participant08","Human participants",1,5,"BR+"
"9","Participant09","Human participants",0,0,"BR+"
"10","Participant10","Human participants",0,5,"BR+"
"11","Participant11","Human participants",1,5,"BR+"
"12","Participant12","Human participants",0,2,"BR+"
"13","Participant13","Human participants",0,6,"BR+"
"14","Participant14","Human participants",0,2,"BR+"
"15","Participant15","Human participants",1,5,"BR+"
"16","Participant16","Human participants",1,5,"BR+"
"17","Participant10_William_active_version3","Chat GPT characters",1,18,"BR+"
"18","Participant10_William_sedentary_version3","Chat GPT characters",0,8,"BR+"
"19","Participant11_Richard_active_version3","Chat GPT characters",1,8,"BR+"
"20","Participant11_sedentary_Richard_version3","Chat GPT characters",0,3,"BR+"
"21","Participant12_Johan_sedentary_version3","Chat GPT characters",0,3,"BR+"
"22","Participant12_active_Johan_version3","Chat GPT characters",1,12,"BR+"
"23","Participant13_Patricia_active_version3","Chat GPT characters",1,10,"BR+"
"24","Participant13_Patricia_sedentary_version3","Chat GPT characters",0,5,"BR+"
"25","Participant14_Thomas_active_version3","Chat GPT characters",1,13,"BR+"
"26","Participant14_Thomas_sedentary_version3","Chat GPT characters",0,5,"BR+"
"27","Participant15_active_Fares_version3","Chat GPT characters",1,23,"BR+"
"28","Participant15_sedentary_Fares_version3","Chat GPT characters",0,3,"BR+"
"29","Participant16_Mark_sedentary_version3","Chat GPT characters",0,6,"BR+"
"30","Participant16_active_mark_version3","Chat GPT characters",1,13,"BR+"
"31","Participant1_active_Robert_version3","Chat GPT characters",1,16,"BR+"
"32","Participant1_sedentary_Robert_version3","Chat GPT characters",0,9,"BR+"
"33","Participant2_James_active_version3","Chat GPT characters",1,21,"BR+"
"34","Participant2_sedentary_james_version3","Chat GPT characters",0,7,"BR+"
"35","Participant3_David_active_version3","Chat GPT characters",1,19,"BR+"
"36","Participant3_David_sedentary_version3","Chat GPT characters",0,6,"BR+"
"37","Participant4_Nancy_active_version3","Chat GPT characters",1,15,"BR+"
"38","Participant4_Nancy_sedentary_version3","Chat GPT characters",0,9,"BR+"
"39","Participant5_active_Michael_verison3","Chat GPT characters",1,16,"BR+"
"40","Participant5_sedentary_ Michael_version3","Chat GPT characters",0,5,"BR+"
"41","Participant6_Linda_sedentary_version3","Chat GPT characters",0,12,"BR+"
"42","Participant7_Mary_sedentary_version3","Chat GPT characters",0,23,"BR+"
"43","Participant7_active_Mary_version3","Chat GPT characters",1,19,"BR+"
"44","Participant8_active_John_version3","Chat GPT characters",1,15,"BR+"
"45","Participant8_sedentary_john_version3","Chat GPT characters",0,6,"BR+"
"46","Participant9_Muhammad_active_version3","Chat GPT characters",1,19,"BR+"
"47","Participant9_sedentary_Muhammad_version3","Chat GPT characters",0,7,"BR+"
"48","Participant_6_Linda_active_version3","Chat GPT characters",1,16,"BR+"
"49","Participant01","Human participants",1,0,"BaCap+"
"50","Participant02","Human participants",1,1,"BaCap+"
"51","Participant03","Human participants",0,0,"BaCap+"
"52","Participant04","Human participants",0,0,"BaCap+"
"53","Participant05","Human participants",0,0,"BaCap+"
"54","Participant06","Human participants",0,0,"BaCap+"
"55","Participant07","Human participants",1,0,"BaCap+"
"56","Participant08","Human participants",1,1,"BaCap+"
"57","Participant09","Human participants",0,0,"BaCap+"
"58","Participant10","Human participants",0,0,"BaCap+"
"59","Participant11","Human participants",1,0,"BaCap+"
"60","Participant12","Human participants",0,0,"BaCap+"
"61","Participant13","Human participants",0,0,"BaCap+"
"62","Participant14","Human participants",0,0,"BaCap+"
"63","Participant15","Human participants",1,0,"BaCap+"
"64","Participant16","Human participants",1,0,"BaCap+"
"65","Participant10_William_active_version3","Chat GPT characters",1,1,"BaCap+"
"66","Participant10_William_sedentary_version3","Chat GPT characters",0,0,"BaCap+"
"67","Participant11_Richard_active_version3","Chat GPT characters",1,0,"BaCap+"
"68","Participant11_sedentary_Richard_version3","Chat GPT characters",0,0,"BaCap+"
"69","Participant12_Johan_sedentary_version3","Chat GPT characters",0,0,"BaCap+"
"70","Participant12_active_Johan_version3","Chat GPT characters",1,1,"BaCap+"
"71","Participant13_Patricia_active_version3","Chat GPT characters",1,4,"BaCap+"
"72","Participant13_Patricia_sedentary_version3","Chat GPT characters",0,0,"BaCap+"
"73","Participant14_Thomas_active_version3","Chat GPT characters",1,2,"BaCap+"
"74","Participant14_Thomas_sedentary_version3","Chat GPT characters",0,0,"BaCap+"
"75","Participant15_active_Fares_version3","Chat GPT characters",1,1,"BaCap+"
"76","Participant15_sedentary_Fares_version3","Chat GPT characters",0,1,"BaCap+"
"77","Participant16_Mark_sedentary_version3","Chat GPT characters",0,0,"BaCap+"
"78","Participant16_active_mark_version3","Chat GPT characters",1,1,"BaCap+"
"79","Participant1_active_Robert_version3","Chat GPT characters",1,3,"BaCap+"
"80","Participant1_sedentary_Robert_version3","Chat GPT characters",0,0,"BaCap+"
"81","Participant2_James_active_version3","Chat GPT characters",1,2,"BaCap+"
"82","Participant2_sedentary_james_version3","Chat GPT characters",0,0,"BaCap+"
"83","Participant3_David_active_version3","Chat GPT characters",1,2,"BaCap+"
"84","Participant3_David_sedentary_version3","Chat GPT characters",0,0,"BaCap+"
"85","Participant4_Nancy_active_version3","Chat GPT characters",1,1,"BaCap+"
"86","Participant4_Nancy_sedentary_version3","Chat GPT characters",0,0,"BaCap+"
"87","Participant5_active_Michael_verison3","Chat GPT characters",1,4,"BaCap+"
"88","Participant5_sedentary_ Michael_version3","Chat GPT characters",0,0,"BaCap+"
"89","Participant6_Linda_sedentary_version3","Chat GPT characters",0,0,"BaCap+"
"90","Participant7_Mary_sedentary_version3","Chat GPT characters",0,0,"BaCap+"
"91","Participant7_active_Mary_version3","Chat GPT characters",1,3,"BaCap+"
"92","Participant8_active_John_version3","Chat GPT characters",1,2,"BaCap+"
"93","Participant8_sedentary_john_version3","Chat GPT characters",0,1,"BaCap+"
"94","Participant9_Muhammad_active_version3","Chat GPT characters",1,2,"BaCap+"
"95","Participant9_sedentary_Muhammad_version3","Chat GPT characters",0,0,"BaCap+"
"96","Participant_6_Linda_active_version3","Chat GPT characters",1,0,"BaCap+"
"97","Participant01","Human participants",1,8,"BaCon+"
"98","Participant02","Human participants",1,0,"BaCon+"
"99","Participant03","Human participants",0,1,"BaCon+"
"100","Participant04","Human participants",0,5,"BaCon+"
"101","Participant05","Human participants",0,3,"BaCon+"
"102","Participant06","Human participants",0,1,"BaCon+"
"103","Participant07","Human participants",1,1,"BaCon+"
"104","Participant08","Human participants",1,7,"BaCon+"
"105","Participant09","Human participants",0,0,"BaCon+"
"106","Participant10","Human participants",0,1,"BaCon+"
"107","Participant11","Human participants",1,4,"BaCon+"
"108","Participant12","Human participants",0,0,"BaCon+"
"109","Participant13","Human participants",0,2,"BaCon+"
"110","Participant14","Human participants",0,1,"BaCon+"
"111","Participant15","Human participants",1,6,"BaCon+"
"112","Participant16","Human participants",1,7,"BaCon+"
"113","Participant10_William_active_version3","Chat GPT characters",1,12,"BaCon+"
"114","Participant10_William_sedentary_version3","Chat GPT characters",0,16,"BaCon+"
"115","Participant11_Richard_active_version3","Chat GPT characters",1,16,"BaCon+"
"116","Participant11_sedentary_Richard_version3","Chat GPT characters",0,7,"BaCon+"
"117","Participant12_Johan_sedentary_version3","Chat GPT characters",0,17,"BaCon+"
"118","Participant12_active_Johan_version3","Chat GPT characters",1,13,"BaCon+"
"119","Participant13_Patricia_active_version3","Chat GPT characters",1,15,"BaCon+"
"120","Participant13_Patricia_sedentary_version3","Chat GPT characters",0,5,"BaCon+"
"121","Participant14_Thomas_active_version3","Chat GPT characters",1,15,"BaCon+"
"122","Participant14_Thomas_sedentary_version3","Chat GPT characters",0,11,"BaCon+"
"123","Participant15_active_Fares_version3","Chat GPT characters",1,19,"BaCon+"
"124","Participant15_sedentary_Fares_version3","Chat GPT characters",0,15,"BaCon+"
"125","Participant16_Mark_sedentary_version3","Chat GPT characters",0,6,"BaCon+"
"126","Participant16_active_mark_version3","Chat GPT characters",1,12,"BaCon+"
"127","Participant1_active_Robert_version3","Chat GPT characters",1,25,"BaCon+"
"128","Participant1_sedentary_Robert_version3","Chat GPT characters",0,3,"BaCon+"
"129","Participant2_James_active_version3","Chat GPT characters",1,13,"BaCon+"
"130","Participant2_sedentary_james_version3","Chat GPT characters",0,10,"BaCon+"
"131","Participant3_David_active_version3","Chat GPT characters",1,17,"BaCon+"
"132","Participant3_David_sedentary_version3","Chat GPT characters",0,8,"BaCon+"
"133","Participant4_Nancy_active_version3","Chat GPT characters",1,11,"BaCon+"
"134","Participant4_Nancy_sedentary_version3","Chat GPT characters",0,10,"BaCon+"
"135","Participant5_active_Michael_verison3","Chat GPT characters",1,13,"BaCon+"
"136","Participant5_sedentary_ Michael_version3","Chat GPT characters",0,12,"BaCon+"
"137","Participant6_Linda_sedentary_version3","Chat GPT characters",0,8,"BaCon+"
"138","Participant7_Mary_sedentary_version3","Chat GPT characters",0,10,"BaCon+"
"139","Participant7_active_Mary_version3","Chat GPT characters",1,23,"BaCon+"
"140","Participant8_active_John_version3","Chat GPT characters",1,13,"BaCon+"
"141","Participant8_sedentary_john_version3","Chat GPT characters",0,8,"BaCon+"
"142","Participant9_Muhammad_active_version3","Chat GPT characters",1,13,"BaCon+"
"143","Participant9_sedentary_Muhammad_version3","Chat GPT characters",0,11,"BaCon+"
"144","Participant_6_Linda_active_version3","Chat GPT characters",1,15,"BaCon+"
"145","Participant01","Human participants",1,9,"ECR+"
"146","Participant02","Human participants",1,0,"ECR+"
"147","Participant03","Human participants",0,0,"ECR+"
"148","Participant04","Human participants",0,5,"ECR+"
"149","Participant05","Human participants",0,2,"ECR+"
"150","Participant06","Human participants",0,3,"ECR+"
"151","Participant07","Human participants",1,2,"ECR+"
"152","Participant08","Human participants",1,2,"ECR+"
"153","Participant09","Human participants",0,0,"ECR+"
"154","Participant10","Human participants",0,2,"ECR+"
"155","Participant11","Human participants",1,3,"ECR+"
"156","Participant12","Human participants",0,1,"ECR+"
"157","Participant13","Human participants",0,5,"ECR+"
"158","Participant14","Human participants",0,5,"ECR+"
"159","Participant15","Human participants",1,3,"ECR+"
"160","Participant16","Human participants",1,3,"ECR+"
"161","Participant10_William_active_version3","Chat GPT characters",1,10,"ECR+"
"162","Participant10_William_sedentary_version3","Chat GPT characters",0,0,"ECR+"
"163","Participant11_Richard_active_version3","Chat GPT characters",1,3,"ECR+"
"164","Participant11_sedentary_Richard_version3","Chat GPT characters",0,2,"ECR+"
"165","Participant12_Johan_sedentary_version3","Chat GPT characters",0,1,"ECR+"
"166","Participant12_active_Johan_version3","Chat GPT characters",1,5,"ECR+"
"167","Participant13_Patricia_active_version3","Chat GPT characters",1,6,"ECR+"
"168","Participant13_Patricia_sedentary_version3","Chat GPT characters",0,0,"ECR+"
"169","Participant14_Thomas_active_version3","Chat GPT characters",1,4,"ECR+"
"170","Participant14_Thomas_sedentary_version3","Chat GPT characters",0,2,"ECR+"
"171","Participant15_active_Fares_version3","Chat GPT characters",1,4,"ECR+"
"172","Participant15_sedentary_Fares_version3","Chat GPT characters",0,1,"ECR+"
"173","Participant16_Mark_sedentary_version3","Chat GPT characters",0,1,"ECR+"
"174","Participant16_active_mark_version3","Chat GPT characters",1,3,"ECR+"
"175","Participant1_active_Robert_version3","Chat GPT characters",1,14,"ECR+"
"176","Participant1_sedentary_Robert_version3","Chat GPT characters",0,2,"ECR+"
"177","Participant2_James_active_version3","Chat GPT characters",1,3,"ECR+"
"178","Participant2_sedentary_james_version3","Chat GPT characters",0,0,"ECR+"
"179","Participant3_David_active_version3","Chat GPT characters",1,4,"ECR+"
"180","Participant3_David_sedentary_version3","Chat GPT characters",0,3,"ECR+"
"181","Participant4_Nancy_active_version3","Chat GPT characters",1,2,"ECR+"
"182","Participant4_Nancy_sedentary_version3","Chat GPT characters",0,0,"ECR+"
"183","Participant5_active_Michael_verison3","Chat GPT characters",1,12,"ECR+"
"184","Participant5_sedentary_ Michael_version3","Chat GPT characters",0,5,"ECR+"
"185","Participant6_Linda_sedentary_version3","Chat GPT characters",0,2,"ECR+"
"186","Participant7_Mary_sedentary_version3","Chat GPT characters",0,2,"ECR+"
"187","Participant7_active_Mary_version3","Chat GPT characters",1,3,"ECR+"
"188","Participant8_active_John_version3","Chat GPT characters",1,1,"ECR+"
"189","Participant8_sedentary_john_version3","Chat GPT characters",0,0,"ECR+"
"190","Participant9_Muhammad_active_version3","Chat GPT characters",1,0,"ECR+"
"191","Participant9_sedentary_Muhammad_version3","Chat GPT characters",0,0,"ECR+"
"192","Participant_6_Linda_active_version3","Chat GPT characters",1,4,"ECR+"
"193","Participant01","Human participants",1,0,"Emotion+"
"194","Participant02","Human participants",1,0,"Emotion+"
"195","Participant03","Human participants",0,0,"Emotion+"
"196","Participant04","Human participants",0,0,"Emotion+"
"197","Participant05","Human participants",0,0,"Emotion+"
"198","Participant06","Human participants",0,0,"Emotion+"
"199","Participant07","Human participants",1,0,"Emotion+"
"200","Participant08","Human participants",1,0,"Emotion+"
"201","Participant09","Human participants",0,0,"Emotion+"
"202","Participant10","Human participants",0,0,"Emotion+"
"203","Participant11","Human participants",1,0,"Emotion+"
"204","Participant12","Human participants",0,0,"Emotion+"
"205","Participant13","Human participants",0,0,"Emotion+"
"206","Participant14","Human participants",0,0,"Emotion+"
"207","Participant15","Human participants",1,0,"Emotion+"
"208","Participant16","Human participants",1,0,"Emotion+"
"209","Participant10_William_active_version3","Chat GPT characters",1,1,"Emotion+"
"210","Participant10_William_sedentary_version3","Chat GPT characters",0,1,"Emotion+"
"211","Participant11_Richard_active_version3","Chat GPT characters",1,2,"Emotion+"
"212","Participant11_sedentary_Richard_version3","Chat GPT characters",0,1,"Emotion+"
"213","Participant12_Johan_sedentary_version3","Chat GPT characters",0,1,"Emotion+"
"214","Participant12_active_Johan_version3","Chat GPT characters",1,2,"Emotion+"
"215","Participant13_Patricia_active_version3","Chat GPT characters",1,0,"Emotion+"
"216","Participant13_Patricia_sedentary_version3","Chat GPT characters",0,1,"Emotion+"
"217","Participant14_Thomas_active_version3","Chat GPT characters",1,1,"Emotion+"
"218","Participant14_Thomas_sedentary_version3","Chat GPT characters",0,1,"Emotion+"
"219","Participant15_active_Fares_version3","Chat GPT characters",1,1,"Emotion+"
"220","Participant15_sedentary_Fares_version3","Chat GPT characters",0,1,"Emotion+"
"221","Participant16_Mark_sedentary_version3","Chat GPT characters",0,1,"Emotion+"
"222","Participant16_active_mark_version3","Chat GPT characters",1,1,"Emotion+"
"223","Participant1_active_Robert_version3","Chat GPT characters",1,3,"Emotion+"
"224","Participant1_sedentary_Robert_version3","Chat GPT characters",0,0,"Emotion+"
"225","Participant2_James_active_version3","Chat GPT characters",1,1,"Emotion+"
"226","Participant2_sedentary_james_version3","Chat GPT characters",0,3,"Emotion+"
"227","Participant3_David_active_version3","Chat GPT characters",1,1,"Emotion+"
"228","Participant3_David_sedentary_version3","Chat GPT characters",0,1,"Emotion+"
"229","Participant4_Nancy_active_version3","Chat GPT characters",1,0,"Emotion+"
"230","Participant4_Nancy_sedentary_version3","Chat GPT characters",0,1,"Emotion+"
"231","Participant5_active_Michael_verison3","Chat GPT characters",1,1,"Emotion+"
"232","Participant5_sedentary_ Michael_version3","Chat GPT characters",0,1,"Emotion+"
"233","Participant6_Linda_sedentary_version3","Chat GPT characters",0,1,"Emotion+"
"234","Participant7_Mary_sedentary_version3","Chat GPT characters",0,2,"Emotion+"
"235","Participant7_active_Mary_version3","Chat GPT characters",1,0,"Emotion+"
"236","Participant8_active_John_version3","Chat GPT characters",1,1,"Emotion+"
"237","Participant8_sedentary_john_version3","Chat GPT characters",0,1,"Emotion+"
"238","Participant9_Muhammad_active_version3","Chat GPT characters",1,1,"Emotion+"
"239","Participant9_sedentary_Muhammad_version3","Chat GPT characters",0,1,"Emotion+"
"240","Participant_6_Linda_active_version3","Chat GPT characters",1,1,"Emotion+"
"241","Participant01","Human participants",1,6,"Goals+"
"242","Participant02","Human participants",1,10,"Goals+"
"243","Participant03","Human participants",0,0,"Goals+"
"244","Participant04","Human participants",0,0,"Goals+"
"245","Participant05","Human participants",0,0,"Goals+"
"246","Participant06","Human participants",0,0,"Goals+"
"247","Participant07","Human participants",1,11,"Goals+"
"248","Participant08","Human participants",1,6,"Goals+"
"249","Participant09","Human participants",0,0,"Goals+"
"250","Participant10","Human participants",0,3,"Goals+"
"251","Participant11","Human participants",1,5,"Goals+"
"252","Participant12","Human participants",0,0,"Goals+"
"253","Participant13","Human participants",0,3,"Goals+"
"254","Participant14","Human participants",0,1,"Goals+"
"255","Participant15","Human participants",1,2,"Goals+"
"256","Participant16","Human participants",1,3,"Goals+"
"257","Participant10_William_active_version3","Chat GPT characters",1,20,"Goals+"
"258","Participant10_William_sedentary_version3","Chat GPT characters",0,4,"Goals+"
"259","Participant11_Richard_active_version3","Chat GPT characters",1,5,"Goals+"
"260","Participant11_sedentary_Richard_version3","Chat GPT characters",0,0,"Goals+"
"261","Participant12_Johan_sedentary_version3","Chat GPT characters",0,4,"Goals+"
"262","Participant12_active_Johan_version3","Chat GPT characters",1,7,"Goals+"
"263","Participant13_Patricia_active_version3","Chat GPT characters",1,4,"Goals+"
"264","Participant13_Patricia_sedentary_version3","Chat GPT characters",0,3,"Goals+"
"265","Participant14_Thomas_active_version3","Chat GPT characters",1,6,"Goals+"
"266","Participant14_Thomas_sedentary_version3","Chat GPT characters",0,1,"Goals+"
"267","Participant15_active_Fares_version3","Chat GPT characters",1,7,"Goals+"
"268","Participant15_sedentary_Fares_version3","Chat GPT characters",0,0,"Goals+"
"269","Participant16_Mark_sedentary_version3","Chat GPT characters",0,2,"Goals+"
"270","Participant16_active_mark_version3","Chat GPT characters",1,5,"Goals+"
"271","Participant1_active_Robert_version3","Chat GPT characters",1,12,"Goals+"
"272","Participant1_sedentary_Robert_version3","Chat GPT characters",0,0,"Goals+"
"273","Participant2_James_active_version3","Chat GPT characters",1,12,"Goals+"
"274","Participant2_sedentary_james_version3","Chat GPT characters",0,2,"Goals+"
"275","Participant3_David_active_version3","Chat GPT characters",1,10,"Goals+"
"276","Participant3_David_sedentary_version3","Chat GPT characters",0,0,"Goals+"
"277","Participant4_Nancy_active_version3","Chat GPT characters",1,4,"Goals+"
"278","Participant4_Nancy_sedentary_version3","Chat GPT characters",0,3,"Goals+"
"279","Participant5_active_Michael_verison3","Chat GPT characters",1,10,"Goals+"
"280","Participant5_sedentary_ Michael_version3","Chat GPT characters",0,5,"Goals+"
"281","Participant6_Linda_sedentary_version3","Chat GPT characters",0,1,"Goals+"
"282","Participant7_Mary_sedentary_version3","Chat GPT characters",0,4,"Goals+"
"283","Participant7_active_Mary_version3","Chat GPT characters",1,12,"Goals+"
"284","Participant8_active_John_version3","Chat GPT characters",1,6,"Goals+"
"285","Participant8_sedentary_john_version3","Chat GPT characters",0,0,"Goals+"
"286","Participant9_Muhammad_active_version3","Chat GPT characters",1,12,"Goals+"
"287","Participant9_sedentary_Muhammad_version3","Chat GPT characters",0,1,"Goals+"
"288","Participant_6_Linda_active_version3","Chat GPT characters",1,11,"Goals+"
"289","Participant01","Human participants",1,0,"Intention+"
"290","Participant02","Human participants",1,0,"Intention+"
"291","Participant03","Human participants",0,0,"Intention+"
"292","Participant04","Human participants",0,0,"Intention+"
"293","Participant05","Human participants",0,0,"Intention+"
"294","Participant06","Human participants",0,1,"Intention+"
"295","Participant07","Human participants",1,0,"Intention+"
"296","Participant08","Human participants",1,0,"Intention+"
"297","Participant09","Human participants",0,0,"Intention+"
"298","Participant10","Human participants",0,0,"Intention+"
"299","Participant11","Human participants",1,2,"Intention+"
"300","Participant12","Human participants",0,0,"Intention+"
"301","Participant13","Human participants",0,0,"Intention+"
"302","Participant14","Human participants",0,0,"Intention+"
"303","Participant15","Human participants",1,1,"Intention+"
"304","Participant16","Human participants",1,1,"Intention+"
"305","Participant10_William_active_version3","Chat GPT characters",1,0,"Intention+"
"306","Participant10_William_sedentary_version3","Chat GPT characters",0,2,"Intention+"
"307","Participant11_Richard_active_version3","Chat GPT characters",1,1,"Intention+"
"308","Participant11_sedentary_Richard_version3","Chat GPT characters",0,1,"Intention+"
"309","Participant12_Johan_sedentary_version3","Chat GPT characters",0,0,"Intention+"
"310","Participant12_active_Johan_version3","Chat GPT characters",1,1,"Intention+"
"311","Participant13_Patricia_active_version3","Chat GPT characters",1,1,"Intention+"
"312","Participant13_Patricia_sedentary_version3","Chat GPT characters",0,0,"Intention+"
"313","Participant14_Thomas_active_version3","Chat GPT characters",1,0,"Intention+"
"314","Participant14_Thomas_sedentary_version3","Chat GPT characters",0,0,"Intention+"
"315","Participant15_active_Fares_version3","Chat GPT characters",1,0,"Intention+"
"316","Participant15_sedentary_Fares_version3","Chat GPT characters",0,0,"Intention+"
"317","Participant16_Mark_sedentary_version3","Chat GPT characters",0,0,"Intention+"
"318","Participant16_active_mark_version3","Chat GPT characters",1,0,"Intention+"
"319","Participant1_active_Robert_version3","Chat GPT characters",1,0,"Intention+"
"320","Participant1_sedentary_Robert_version3","Chat GPT characters",0,0,"Intention+"
"321","Participant2_James_active_version3","Chat GPT characters",1,0,"Intention+"
"322","Participant2_sedentary_james_version3","Chat GPT characters",0,2,"Intention+"
"323","Participant3_David_active_version3","Chat GPT characters",1,0,"Intention+"
"324","Participant3_David_sedentary_version3","Chat GPT characters",0,0,"Intention+"
"325","Participant4_Nancy_active_version3","Chat GPT characters",1,1,"Intention+"
"326","Participant4_Nancy_sedentary_version3","Chat GPT characters",0,1,"Intention+"
"327","Participant5_active_Michael_verison3","Chat GPT characters",1,1,"Intention+"
"328","Participant5_sedentary_ Michael_version3","Chat GPT characters",0,2,"Intention+"
"329","Participant6_Linda_sedentary_version3","Chat GPT characters",0,1,"Intention+"
"330","Participant7_Mary_sedentary_version3","Chat GPT characters",0,3,"Intention+"
"331","Participant7_active_Mary_version3","Chat GPT characters",1,0,"Intention+"
"332","Participant8_active_John_version3","Chat GPT characters",1,1,"Intention+"
"333","Participant8_sedentary_john_version3","Chat GPT characters",0,1,"Intention+"
"334","Participant9_Muhammad_active_version3","Chat GPT characters",1,0,"Intention+"
"335","Participant9_sedentary_Muhammad_version3","Chat GPT characters",0,1,"Intention+"
"336","Participant_6_Linda_active_version3","Chat GPT characters",1,0,"Intention+"
"337","Participant01","Human participants",1,1,"Knowledge+"
"338","Participant02","Human participants",1,0,"Knowledge+"
"339","Participant03","Human participants",0,0,"Knowledge+"
"340","Participant04","Human participants",0,0,"Knowledge+"
"341","Participant05","Human participants",0,0,"Knowledge+"
"342","Participant06","Human participants",0,1,"Knowledge+"
"343","Participant07","Human participants",1,0,"Knowledge+"
"344","Participant08","Human participants",1,0,"Knowledge+"
"345","Participant09","Human participants",0,0,"Knowledge+"
"346","Participant10","Human participants",0,0,"Knowledge+"
"347","Participant11","Human participants",1,0,"Knowledge+"
"348","Participant12","Human participants",0,0,"Knowledge+"
"349","Participant13","Human participants",0,1,"Knowledge+"
"350","Participant14","Human participants",0,1,"Knowledge+"
"351","Participant15","Human participants",1,2,"Knowledge+"
"352","Participant16","Human participants",1,2,"Knowledge+"
"353","Participant10_William_active_version3","Chat GPT characters",1,0,"Knowledge+"
"354","Participant10_William_sedentary_version3","Chat GPT characters",0,0,"Knowledge+"
"355","Participant11_Richard_active_version3","Chat GPT characters",1,0,"Knowledge+"
"356","Participant11_sedentary_Richard_version3","Chat GPT characters",0,1,"Knowledge+"
"357","Participant12_Johan_sedentary_version3","Chat GPT characters",0,0,"Knowledge+"
"358","Participant12_active_Johan_version3","Chat GPT characters",1,0,"Knowledge+"
"359","Participant13_Patricia_active_version3","Chat GPT characters",1,0,"Knowledge+"
"360","Participant13_Patricia_sedentary_version3","Chat GPT characters",0,1,"Knowledge+"
"361","Participant14_Thomas_active_version3","Chat GPT characters",1,0,"Knowledge+"
"362","Participant14_Thomas_sedentary_version3","Chat GPT characters",0,0,"Knowledge+"
"363","Participant15_active_Fares_version3","Chat GPT characters",1,1,"Knowledge+"
"364","Participant15_sedentary_Fares_version3","Chat GPT characters",0,0,"Knowledge+"
"365","Participant16_Mark_sedentary_version3","Chat GPT characters",0,0,"Knowledge+"
"366","Participant16_active_mark_version3","Chat GPT characters",1,0,"Knowledge+"
"367","Participant1_active_Robert_version3","Chat GPT characters",1,1,"Knowledge+"
"368","Participant1_sedentary_Robert_version3","Chat GPT characters",0,1,"Knowledge+"
"369","Participant2_James_active_version3","Chat GPT characters",1,0,"Knowledge+"
"370","Participant2_sedentary_james_version3","Chat GPT characters",0,0,"Knowledge+"
"371","Participant3_David_active_version3","Chat GPT characters",1,0,"Knowledge+"
"372","Participant3_David_sedentary_version3","Chat GPT characters",0,0,"Knowledge+"
"373","Participant4_Nancy_active_version3","Chat GPT characters",1,0,"Knowledge+"
"374","Participant4_Nancy_sedentary_version3","Chat GPT characters",0,0,"Knowledge+"
"375","Participant5_active_Michael_verison3","Chat GPT characters",1,4,"Knowledge+"
"376","Participant5_sedentary_ Michael_version3","Chat GPT characters",0,0,"Knowledge+"
"377","Participant6_Linda_sedentary_version3","Chat GPT characters",0,1,"Knowledge+"
"378","Participant7_Mary_sedentary_version3","Chat GPT characters",0,3,"Knowledge+"
"379","Participant7_active_Mary_version3","Chat GPT characters",1,4,"Knowledge+"
"380","Participant8_active_John_version3","Chat GPT characters",1,1,"Knowledge+"
"381","Participant8_sedentary_john_version3","Chat GPT characters",0,2,"Knowledge+"
"382","Participant9_Muhammad_active_version3","Chat GPT characters",1,0,"Knowledge+"
"383","Participant9_sedentary_Muhammad_version3","Chat GPT characters",0,1,"Knowledge+"
"384","Participant_6_Linda_active_version3","Chat GPT characters",1,2,"Knowledge+"
"385","Participant01","Human participants",1,0,"MADP+"
"386","Participant02","Human participants",1,1,"MADP+"
"387","Participant03","Human participants",0,0,"MADP+"
"388","Participant04","Human participants",0,0,"MADP+"
"389","Participant05","Human participants",0,0,"MADP+"
"390","Participant06","Human participants",0,0,"MADP+"
"391","Participant07","Human participants",1,0,"MADP+"
"392","Participant08","Human participants",1,0,"MADP+"
"393","Participant09","Human participants",0,0,"MADP+"
"394","Participant10","Human participants",0,0,"MADP+"
"395","Participant11","Human participants",1,0,"MADP+"
"396","Participant12","Human participants",0,0,"MADP+"
"397","Participant13","Human participants",0,0,"MADP+"
"398","Participant14","Human participants",0,0,"MADP+"
"399","Participant15","Human participants",1,0,"MADP+"
"400","Participant16","Human participants",1,0,"MADP+"
"401","Participant10_William_active_version3","Chat GPT characters",1,0,"MADP+"
"402","Participant10_William_sedentary_version3","Chat GPT characters",0,0,"MADP+"
"403","Participant11_Richard_active_version3","Chat GPT characters",1,0,"MADP+"
"404","Participant11_sedentary_Richard_version3","Chat GPT characters",0,0,"MADP+"
"405","Participant12_Johan_sedentary_version3","Chat GPT characters",0,1,"MADP+"
"406","Participant12_active_Johan_version3","Chat GPT characters",1,1,"MADP+"
"407","Participant13_Patricia_active_version3","Chat GPT characters",1,0,"MADP+"
"408","Participant13_Patricia_sedentary_version3","Chat GPT characters",0,0,"MADP+"
"409","Participant14_Thomas_active_version3","Chat GPT characters",1,0,"MADP+"
"410","Participant14_Thomas_sedentary_version3","Chat GPT characters",0,0,"MADP+"
"411","Participant15_active_Fares_version3","Chat GPT characters",1,1,"MADP+"
"412","Participant15_sedentary_Fares_version3","Chat GPT characters",0,0,"MADP+"
"413","Participant16_Mark_sedentary_version3","Chat GPT characters",0,0,"MADP+"
"414","Participant16_active_mark_version3","Chat GPT characters",1,0,"MADP+"
"415","Participant1_active_Robert_version3","Chat GPT characters",1,0,"MADP+"
"416","Participant1_sedentary_Robert_version3","Chat GPT characters",0,0,"MADP+"
"417","Participant2_James_active_version3","Chat GPT characters",1,0,"MADP+"
"418","Participant2_sedentary_james_version3","Chat GPT characters",0,0,"MADP+"
"419","Participant3_David_active_version3","Chat GPT characters",1,0,"MADP+"
"420","Participant3_David_sedentary_version3","Chat GPT characters",0,0,"MADP+"
"421","Participant4_Nancy_active_version3","Chat GPT characters",1,0,"MADP+"
"422","Participant4_Nancy_sedentary_version3","Chat GPT characters",0,0,"MADP+"
"423","Participant5_active_Michael_verison3","Chat GPT characters",1,0,"MADP+"
"424","Participant5_sedentary_ Michael_version3","Chat GPT characters",0,0,"MADP+"
"425","Participant6_Linda_sedentary_version3","Chat GPT characters",0,0,"MADP+"
"426","Participant7_Mary_sedentary_version3","Chat GPT characters",0,0,"MADP+"
"427","Participant7_active_Mary_version3","Chat GPT characters",1,0,"MADP+"
"428","Participant8_active_John_version3","Chat GPT characters",1,0,"MADP+"
"429","Participant8_sedentary_john_version3","Chat GPT characters",0,0,"MADP+"
"430","Participant9_Muhammad_active_version3","Chat GPT characters",1,1,"MADP+"
"431","Participant9_sedentary_Muhammad_version3","Chat GPT characters",0,0,"MADP+"
"432","Participant_6_Linda_active_version3","Chat GPT characters",1,0,"MADP+"
"433","Participant01","Human participants",1,1,"Optimism+"
"434","Participant02","Human participants",1,2,"Optimism+"
"435","Participant03","Human participants",0,0,"Optimism+"
"436","Participant04","Human participants",0,0,"Optimism+"
"437","Participant05","Human participants",0,2,"Optimism+"
"438","Participant06","Human participants",0,0,"Optimism+"
"439","Participant07","Human participants",1,2,"Optimism+"
"440","Participant08","Human participants",1,2,"Optimism+"
"441","Participant09","Human participants",0,0,"Optimism+"
"442","Participant10","Human participants",0,0,"Optimism+"
"443","Participant11","Human participants",1,1,"Optimism+"
"444","Participant12","Human participants",0,0,"Optimism+"
"445","Participant13","Human participants",0,0,"Optimism+"
"446","Participant14","Human participants",0,1,"Optimism+"
"447","Participant15","Human participants",1,1,"Optimism+"
"448","Participant16","Human participants",1,1,"Optimism+"
"449","Participant10_William_active_version3","Chat GPT characters",1,0,"Optimism+"
"450","Participant10_William_sedentary_version3","Chat GPT characters",0,3,"Optimism+"
"451","Participant11_Richard_active_version3","Chat GPT characters",1,6,"Optimism+"
"452","Participant11_sedentary_Richard_version3","Chat GPT characters",0,0,"Optimism+"
"453","Participant12_Johan_sedentary_version3","Chat GPT characters",0,2,"Optimism+"
"454","Participant12_active_Johan_version3","Chat GPT characters",1,3,"Optimism+"
"455","Participant13_Patricia_active_version3","Chat GPT characters",1,1,"Optimism+"
"456","Participant13_Patricia_sedentary_version3","Chat GPT characters",0,2,"Optimism+"
"457","Participant14_Thomas_active_version3","Chat GPT characters",1,0,"Optimism+"
"458","Participant14_Thomas_sedentary_version3","Chat GPT characters",0,5,"Optimism+"
"459","Participant15_active_Fares_version3","Chat GPT characters",1,2,"Optimism+"
"460","Participant15_sedentary_Fares_version3","Chat GPT characters",0,1,"Optimism+"
"461","Participant16_Mark_sedentary_version3","Chat GPT characters",0,0,"Optimism+"
"462","Participant16_active_mark_version3","Chat GPT characters",1,1,"Optimism+"
"463","Participant1_active_Robert_version3","Chat GPT characters",1,3,"Optimism+"
"464","Participant1_sedentary_Robert_version3","Chat GPT characters",0,2,"Optimism+"
"465","Participant2_James_active_version3","Chat GPT characters",1,9,"Optimism+"
"466","Participant2_sedentary_james_version3","Chat GPT characters",0,3,"Optimism+"
"467","Participant3_David_active_version3","Chat GPT characters",1,3,"Optimism+"
"468","Participant3_David_sedentary_version3","Chat GPT characters",0,4,"Optimism+"
"469","Participant4_Nancy_active_version3","Chat GPT characters",1,1,"Optimism+"
"470","Participant4_Nancy_sedentary_version3","Chat GPT characters",0,3,"Optimism+"
"471","Participant5_active_Michael_verison3","Chat GPT characters",1,4,"Optimism+"
"472","Participant5_sedentary_ Michael_version3","Chat GPT characters",0,1,"Optimism+"
"473","Participant6_Linda_sedentary_version3","Chat GPT characters",0,3,"Optimism+"
"474","Participant7_Mary_sedentary_version3","Chat GPT characters",0,2,"Optimism+"
"475","Participant7_active_Mary_version3","Chat GPT characters",1,3,"Optimism+"
"476","Participant8_active_John_version3","Chat GPT characters",1,6,"Optimism+"
"477","Participant8_sedentary_john_version3","Chat GPT characters",0,2,"Optimism+"
"478","Participant9_Muhammad_active_version3","Chat GPT characters",1,3,"Optimism+"
"479","Participant9_sedentary_Muhammad_version3","Chat GPT characters",0,2,"Optimism+"
"480","Participant_6_Linda_active_version3","Chat GPT characters",1,6,"Optimism+"
"481","Participant01","Human participants",1,11,"Reinforcement+"
"482","Participant02","Human participants",1,2,"Reinforcement+"
"483","Participant03","Human participants",0,2,"Reinforcement+"
"484","Participant04","Human participants",0,5,"Reinforcement+"
"485","Participant05","Human participants",0,0,"Reinforcement+"
"486","Participant06","Human participants",0,0,"Reinforcement+"
"487","Participant07","Human participants",1,1,"Reinforcement+"
"488","Participant08","Human participants",1,6,"Reinforcement+"
"489","Participant09","Human participants",0,0,"Reinforcement+"
"490","Participant10","Human participants",0,1,"Reinforcement+"
"491","Participant11","Human participants",1,1,"Reinforcement+"
"492","Participant12","Human participants",0,0,"Reinforcement+"
"493","Participant13","Human participants",0,2,"Reinforcement+"
"494","Participant14","Human participants",0,0,"Reinforcement+"
"495","Participant15","Human participants",1,0,"Reinforcement+"
"496","Participant16","Human participants",1,3,"Reinforcement+"
"497","Participant10_William_active_version3","Chat GPT characters",1,1,"Reinforcement+"
"498","Participant10_William_sedentary_version3","Chat GPT characters",0,1,"Reinforcement+"
"499","Participant11_Richard_active_version3","Chat GPT characters",1,12,"Reinforcement+"
"500","Participant11_sedentary_Richard_version3","Chat GPT characters",0,0,"Reinforcement+"
"501","Participant12_Johan_sedentary_version3","Chat GPT characters",0,1,"Reinforcement+"
"502","Participant12_active_Johan_version3","Chat GPT characters",1,7,"Reinforcement+"
"503","Participant13_Patricia_active_version3","Chat GPT characters",1,6,"Reinforcement+"
"504","Participant13_Patricia_sedentary_version3","Chat GPT characters",0,1,"Reinforcement+"
"505","Participant14_Thomas_active_version3","Chat GPT characters",1,12,"Reinforcement+"
"506","Participant14_Thomas_sedentary_version3","Chat GPT characters",0,1,"Reinforcement+"
"507","Participant15_active_Fares_version3","Chat GPT characters",1,2,"Reinforcement+"
"508","Participant15_sedentary_Fares_version3","Chat GPT characters",0,0,"Reinforcement+"
"509","Participant16_Mark_sedentary_version3","Chat GPT characters",0,3,"Reinforcement+"
"510","Participant16_active_mark_version3","Chat GPT characters",1,0,"Reinforcement+"
"511","Participant1_active_Robert_version3","Chat GPT characters",1,5,"Reinforcement+"
"512","Participant1_sedentary_Robert_version3","Chat GPT characters",0,1,"Reinforcement+"
"513","Participant2_James_active_version3","Chat GPT characters",1,9,"Reinforcement+"
"514","Participant2_sedentary_james_version3","Chat GPT characters",0,2,"Reinforcement+"
"515","Participant3_David_active_version3","Chat GPT characters",1,6,"Reinforcement+"
"516","Participant3_David_sedentary_version3","Chat GPT characters",0,3,"Reinforcement+"
"517","Participant4_Nancy_active_version3","Chat GPT characters",1,2,"Reinforcement+"
"518","Participant4_Nancy_sedentary_version3","Chat GPT characters",0,1,"Reinforcement+"
"519","Participant5_active_Michael_verison3","Chat GPT characters",1,4,"Reinforcement+"
"520","Participant5_sedentary_ Michael_version3","Chat GPT characters",0,0,"Reinforcement+"
"521","Participant6_Linda_sedentary_version3","Chat GPT characters",0,2,"Reinforcement+"
"522","Participant7_Mary_sedentary_version3","Chat GPT characters",0,2,"Reinforcement+"
"523","Participant7_active_Mary_version3","Chat GPT characters",1,2,"Reinforcement+"
"524","Participant8_active_John_version3","Chat GPT characters",1,0,"Reinforcement+"
"525","Participant8_sedentary_john_version3","Chat GPT characters",0,0,"Reinforcement+"
"526","Participant9_Muhammad_active_version3","Chat GPT characters",1,4,"Reinforcement+"
"527","Participant9_sedentary_Muhammad_version3","Chat GPT characters",0,1,"Reinforcement+"
"528","Participant_6_Linda_active_version3","Chat GPT characters",1,8,"Reinforcement+"
"529","Participant01","Human participants",1,9,"SI+"
"530","Participant02","Human participants",1,9,"SI+"
"531","Participant03","Human participants",0,5,"SI+"
"532","Participant04","Human participants",0,4,"SI+"
"533","Participant05","Human participants",0,2,"SI+"
"534","Participant06","Human participants",0,0,"SI+"
"535","Participant07","Human participants",1,2,"SI+"
"536","Participant08","Human participants",1,1,"SI+"
"537","Participant09","Human participants",0,0,"SI+"
"538","Participant10","Human participants",0,0,"SI+"
"539","Participant11","Human participants",1,0,"SI+"
"540","Participant12","Human participants",0,0,"SI+"
"541","Participant13","Human participants",0,1,"SI+"
"542","Participant14","Human participants",0,0,"SI+"
"543","Participant15","Human participants",1,2,"SI+"
"544","Participant16","Human participants",1,0,"SI+"
"545","Participant10_William_active_version3","Chat GPT characters",1,7,"SI+"
"546","Participant10_William_sedentary_version3","Chat GPT characters",0,15,"SI+"
"547","Participant11_Richard_active_version3","Chat GPT characters",1,8,"SI+"
"548","Participant11_sedentary_Richard_version3","Chat GPT characters",0,5,"SI+"
"549","Participant12_Johan_sedentary_version3","Chat GPT characters",0,7,"SI+"
"550","Participant12_active_Johan_version3","Chat GPT characters",1,14,"SI+"
"551","Participant13_Patricia_active_version3","Chat GPT characters",1,2,"SI+"
"552","Participant13_Patricia_sedentary_version3","Chat GPT characters",0,6,"SI+"
"553","Participant14_Thomas_active_version3","Chat GPT characters",1,5,"SI+"
"554","Participant14_Thomas_sedentary_version3","Chat GPT characters",0,14,"SI+"
"555","Participant15_active_Fares_version3","Chat GPT characters",1,12,"SI+"
"556","Participant15_sedentary_Fares_version3","Chat GPT characters",0,12,"SI+"
"557","Participant16_Mark_sedentary_version3","Chat GPT characters",0,8,"SI+"
"558","Participant16_active_mark_version3","Chat GPT characters",1,6,"SI+"
"559","Participant1_active_Robert_version3","Chat GPT characters",1,6,"SI+"
"560","Participant1_sedentary_Robert_version3","Chat GPT characters",0,7,"SI+"
"561","Participant2_James_active_version3","Chat GPT characters",1,12,"SI+"
"562","Participant2_sedentary_james_version3","Chat GPT characters",0,8,"SI+"
"563","Participant3_David_active_version3","Chat GPT characters",1,6,"SI+"
"564","Participant3_David_sedentary_version3","Chat GPT characters",0,4,"SI+"
"565","Participant4_Nancy_active_version3","Chat GPT characters",1,6,"SI+"
"566","Participant4_Nancy_sedentary_version3","Chat GPT characters",0,9,"SI+"
"567","Participant5_active_Michael_verison3","Chat GPT characters",1,10,"SI+"
"568","Participant5_sedentary_ Michael_version3","Chat GPT characters",0,7,"SI+"
"569","Participant6_Linda_sedentary_version3","Chat GPT characters",0,10,"SI+"
"570","Participant7_Mary_sedentary_version3","Chat GPT characters",0,7,"SI+"
"571","Participant7_active_Mary_version3","Chat GPT characters",1,7,"SI+"
"572","Participant8_active_John_version3","Chat GPT characters",1,6,"SI+"
"573","Participant8_sedentary_john_version3","Chat GPT characters",0,5,"SI+"
"574","Participant9_Muhammad_active_version3","Chat GPT characters",1,15,"SI+"
"575","Participant9_sedentary_Muhammad_version3","Chat GPT characters",0,9,"SI+"
"576","Participant_6_Linda_active_version3","Chat GPT characters",1,11,"SI+"
"577","Participant01","Human participants",1,1,"SPR+"
"578","Participant02","Human participants",1,2,"SPR+"
"579","Participant03","Human participants",0,0,"SPR+"
"580","Participant04","Human participants",0,3,"SPR+"
"581","Participant05","Human participants",0,1,"SPR+"
"582","Participant06","Human participants",0,0,"SPR+"
"583","Participant07","Human participants",1,8,"SPR+"
"584","Participant08","Human participants",1,9,"SPR+"
"585","Participant09","Human participants",0,0,"SPR+"
"586","Participant10","Human participants",0,0,"SPR+"
"587","Participant11","Human participants",1,2,"SPR+"
"588","Participant12","Human participants",0,0,"SPR+"
"589","Participant13","Human participants",0,0,"SPR+"
"590","Participant14","Human participants",0,1,"SPR+"
"591","Participant15","Human participants",1,2,"SPR+"
"592","Participant16","Human participants",1,3,"SPR+"
"593","Participant10_William_active_version3","Chat GPT characters",1,0,"SPR+"
"594","Participant10_William_sedentary_version3","Chat GPT characters",0,0,"SPR+"
"595","Participant11_Richard_active_version3","Chat GPT characters",1,0,"SPR+"
"596","Participant11_sedentary_Richard_version3","Chat GPT characters",0,0,"SPR+"
"597","Participant12_Johan_sedentary_version3","Chat GPT characters",0,2,"SPR+"
"598","Participant12_active_Johan_version3","Chat GPT characters",1,1,"SPR+"
"599","Participant13_Patricia_active_version3","Chat GPT characters",1,2,"SPR+"
"600","Participant13_Patricia_sedentary_version3","Chat GPT characters",0,0,"SPR+"
"601","Participant14_Thomas_active_version3","Chat GPT characters",1,1,"SPR+"
"602","Participant14_Thomas_sedentary_version3","Chat GPT characters",0,0,"SPR+"
"603","Participant15_active_Fares_version3","Chat GPT characters",1,0,"SPR+"
"604","Participant15_sedentary_Fares_version3","Chat GPT characters",0,0,"SPR+"
"605","Participant16_Mark_sedentary_version3","Chat GPT characters",0,0,"SPR+"
"606","Participant16_active_mark_version3","Chat GPT characters",1,0,"SPR+"
"607","Participant1_active_Robert_version3","Chat GPT characters",1,1,"SPR+"
"608","Participant1_sedentary_Robert_version3","Chat GPT characters",0,0,"SPR+"
"609","Participant2_James_active_version3","Chat GPT characters",1,0,"SPR+"
"610","Participant2_sedentary_james_version3","Chat GPT characters",0,0,"SPR+"
"611","Participant3_David_active_version3","Chat GPT characters",1,0,"SPR+"
"612","Participant3_David_sedentary_version3","Chat GPT characters",0,0,"SPR+"
"613","Participant4_Nancy_active_version3","Chat GPT characters",1,0,"SPR+"
"614","Participant4_Nancy_sedentary_version3","Chat GPT characters",0,0,"SPR+"
"615","Participant5_active_Michael_verison3","Chat GPT characters",1,0,"SPR+"
"616","Participant5_sedentary_ Michael_version3","Chat GPT characters",0,0,"SPR+"
"617","Participant6_Linda_sedentary_version3","Chat GPT characters",0,0,"SPR+"
"618","Participant7_Mary_sedentary_version3","Chat GPT characters",0,0,"SPR+"
"619","Participant7_active_Mary_version3","Chat GPT characters",1,0,"SPR+"
"620","Participant8_active_John_version3","Chat GPT characters",1,2,"SPR+"
"621","Participant8_sedentary_john_version3","Chat GPT characters",0,0,"SPR+"
"622","Participant9_Muhammad_active_version3","Chat GPT characters",1,2,"SPR+"
"623","Participant9_sedentary_Muhammad_version3","Chat GPT characters",0,0,"SPR+"
"624","Participant_6_Linda_active_version3","Chat GPT characters",1,0,"SPR+"
"625","Participant01","Human participants",1,1,"Skills+"
"626","Participant02","Human participants",1,0,"Skills+"
"627","Participant03","Human participants",0,0,"Skills+"
"628","Participant04","Human participants",0,0,"Skills+"
"629","Participant05","Human participants",0,2,"Skills+"
"630","Participant06","Human participants",0,0,"Skills+"
"631","Participant07","Human participants",1,0,"Skills+"
"632","Participant08","Human participants",1,0,"Skills+"
"633","Participant09","Human participants",0,0,"Skills+"
"634","Participant10","Human participants",0,0,"Skills+"
"635","Participant11","Human participants",1,0,"Skills+"
"636","Participant12","Human participants",0,0,"Skills+"
"637","Participant13","Human participants",0,0,"Skills+"
"638","Participant14","Human participants",0,0,"Skills+"
"639","Participant15","Human participants",1,0,"Skills+"
"640","Participant16","Human participants",1,1,"Skills+"
"641","Participant10_William_active_version3","Chat GPT characters",1,1,"Skills+"
"642","Participant10_William_sedentary_version3","Chat GPT characters",0,0,"Skills+"
"643","Participant11_Richard_active_version3","Chat GPT characters",1,0,"Skills+"
"644","Participant11_sedentary_Richard_version3","Chat GPT characters",0,0,"Skills+"
"645","Participant12_Johan_sedentary_version3","Chat GPT characters",0,0,"Skills+"
"646","Participant12_active_Johan_version3","Chat GPT characters",1,0,"Skills+"
"647","Participant13_Patricia_active_version3","Chat GPT characters",1,0,"Skills+"
"648","Participant13_Patricia_sedentary_version3","Chat GPT characters",0,0,"Skills+"
"649","Participant14_Thomas_active_version3","Chat GPT characters",1,2,"Skills+"
"650","Participant14_Thomas_sedentary_version3","Chat GPT characters",0,1,"Skills+"
"651","Participant15_active_Fares_version3","Chat GPT characters",1,0,"Skills+"
"652","Participant15_sedentary_Fares_version3","Chat GPT characters",0,1,"Skills+"
"653","Participant16_Mark_sedentary_version3","Chat GPT characters",0,1,"Skills+"
"654","Participant16_active_mark_version3","Chat GPT characters",1,1,"Skills+"
"655","Participant1_active_Robert_version3","Chat GPT characters",1,2,"Skills+"
"656","Participant1_sedentary_Robert_version3","Chat GPT characters",0,1,"Skills+"
"657","Participant2_James_active_version3","Chat GPT characters",1,1,"Skills+"
"658","Participant2_sedentary_james_version3","Chat GPT characters",0,0,"Skills+"
"659","Participant3_David_active_version3","Chat GPT characters",1,1,"Skills+"
"660","Participant3_David_sedentary_version3","Chat GPT characters",0,0,"Skills+"
"661","Participant4_Nancy_active_version3","Chat GPT characters",1,3,"Skills+"
"662","Participant4_Nancy_sedentary_version3","Chat GPT characters",0,1,"Skills+"
"663","Participant5_active_Michael_verison3","Chat GPT characters",1,1,"Skills+"
"664","Participant5_sedentary_ Michael_version3","Chat GPT characters",0,3,"Skills+"
"665","Participant6_Linda_sedentary_version3","Chat GPT characters",0,1,"Skills+"
"666","Participant7_Mary_sedentary_version3","Chat GPT characters",0,1,"Skills+"
"667","Participant7_active_Mary_version3","Chat GPT characters",1,2,"Skills+"
"668","Participant8_active_John_version3","Chat GPT characters",1,1,"Skills+"
"669","Participant8_sedentary_john_version3","Chat GPT characters",0,0,"Skills+"
"670","Participant9_Muhammad_active_version3","Chat GPT characters",1,1,"Skills+"
"671","Participant9_sedentary_Muhammad_version3","Chat GPT characters",0,0,"Skills+"
"672","Participant_6_Linda_active_version3","Chat GPT characters",1,0,"Skills+"
"673","Participant01","Human participants",1,0,"BR-"
"674","Participant02","Human participants",1,2,"BR-"
"675","Participant03","Human participants",0,4,"BR-"
"676","Participant04","Human participants",0,0,"BR-"
"677","Participant05","Human participants",0,0,"BR-"
"678","Participant06","Human participants",0,0,"BR-"
"679","Participant07","Human participants",1,0,"BR-"
"680","Participant08","Human participants",1,0,"BR-"
"681","Participant09","Human participants",0,0,"BR-"
"682","Participant10","Human participants",0,0,"BR-"
"683","Participant11","Human participants",1,0,"BR-"
"684","Participant12","Human participants",0,0,"BR-"
"685","Participant13","Human participants",0,0,"BR-"
"686","Participant14","Human participants",0,0,"BR-"
"687","Participant15","Human participants",1,0,"BR-"
"688","Participant16","Human participants",1,0,"BR-"
"689","Participant10_William_active_version3","Chat GPT characters",1,0,"BR-"
"690","Participant10_William_sedentary_version3","Chat GPT characters",0,3,"BR-"
"691","Participant11_Richard_active_version3","Chat GPT characters",1,0,"BR-"
"692","Participant11_sedentary_Richard_version3","Chat GPT characters",0,0,"BR-"
"693","Participant12_Johan_sedentary_version3","Chat GPT characters",0,0,"BR-"
"694","Participant12_active_Johan_version3","Chat GPT characters",1,0,"BR-"
"695","Participant13_Patricia_active_version3","Chat GPT characters",1,0,"BR-"
"696","Participant13_Patricia_sedentary_version3","Chat GPT characters",0,0,"BR-"
"697","Participant14_Thomas_active_version3","Chat GPT characters",1,3,"BR-"
"698","Participant14_Thomas_sedentary_version3","Chat GPT characters",0,2,"BR-"
"699","Participant15_active_Fares_version3","Chat GPT characters",1,0,"BR-"
"700","Participant15_sedentary_Fares_version3","Chat GPT characters",0,0,"BR-"
"701","Participant16_Mark_sedentary_version3","Chat GPT characters",0,1,"BR-"
"702","Participant16_active_mark_version3","Chat GPT characters",1,1,"BR-"
"703","Participant1_active_Robert_version3","Chat GPT characters",1,0,"BR-"
"704","Participant1_sedentary_Robert_version3","Chat GPT characters",0,4,"BR-"
"705","Participant2_James_active_version3","Chat GPT characters",1,2,"BR-"
"706","Participant2_sedentary_james_version3","Chat GPT characters",0,2,"BR-"
"707","Participant3_David_active_version3","Chat GPT characters",1,0,"BR-"
"708","Participant3_David_sedentary_version3","Chat GPT characters",0,1,"BR-"
"709","Participant4_Nancy_active_version3","Chat GPT characters",1,2,"BR-"
"710","Participant4_Nancy_sedentary_version3","Chat GPT characters",0,0,"BR-"
"711","Participant5_active_Michael_verison3","Chat GPT characters",1,3,"BR-"
"712","Participant5_sedentary_ Michael_version3","Chat GPT characters",0,0,"BR-"
"713","Participant6_Linda_sedentary_version3","Chat GPT characters",0,1,"BR-"
"714","Participant7_Mary_sedentary_version3","Chat GPT characters",0,4,"BR-"
"715","Participant7_active_Mary_version3","Chat GPT characters",1,0,"BR-"
"716","Participant8_active_John_version3","Chat GPT characters",1,0,"BR-"
"717","Participant8_sedentary_john_version3","Chat GPT characters",0,0,"BR-"
"718","Participant9_Muhammad_active_version3","Chat GPT characters",1,0,"BR-"
"719","Participant9_sedentary_Muhammad_version3","Chat GPT characters",0,0,"BR-"
"720","Participant_6_Linda_active_version3","Chat GPT characters",1,0,"BR-"
"721","Participant01","Human participants",1,4,"BaCap-"
"722","Participant02","Human participants",1,2,"BaCap-"
"723","Participant03","Human participants",0,5,"BaCap-"
"724","Participant04","Human participants",0,11,"BaCap-"
"725","Participant05","Human participants",0,2,"BaCap-"
"726","Participant06","Human participants",0,4,"BaCap-"
"727","Participant07","Human participants",1,5,"BaCap-"
"728","Participant08","Human participants",1,1,"BaCap-"
"729","Participant09","Human participants",0,5,"BaCap-"
"730","Participant10","Human participants",0,2,"BaCap-"
"731","Participant11","Human participants",1,5,"BaCap-"
"732","Participant12","Human participants",0,1,"BaCap-"
"733","Participant13","Human participants",0,4,"BaCap-"
"734","Participant14","Human participants",0,12,"BaCap-"
"735","Participant15","Human participants",1,4,"BaCap-"
"736","Participant16","Human participants",1,4,"BaCap-"
"737","Participant10_William_active_version3","Chat GPT characters",1,9,"BaCap-"
"738","Participant10_William_sedentary_version3","Chat GPT characters",0,12,"BaCap-"
"739","Participant11_Richard_active_version3","Chat GPT characters",1,12,"BaCap-"
"740","Participant11_sedentary_Richard_version3","Chat GPT characters",0,18,"BaCap-"
"741","Participant12_Johan_sedentary_version3","Chat GPT characters",0,10,"BaCap-"
"742","Participant12_active_Johan_version3","Chat GPT characters",1,6,"BaCap-"
"743","Participant13_Patricia_active_version3","Chat GPT characters",1,4,"BaCap-"
"744","Participant13_Patricia_sedentary_version3","Chat GPT characters",0,7,"BaCap-"
"745","Participant14_Thomas_active_version3","Chat GPT characters",1,7,"BaCap-"
"746","Participant14_Thomas_sedentary_version3","Chat GPT characters",0,8,"BaCap-"
"747","Participant15_active_Fares_version3","Chat GPT characters",1,9,"BaCap-"
"748","Participant15_sedentary_Fares_version3","Chat GPT characters",0,11,"BaCap-"
"749","Participant16_Mark_sedentary_version3","Chat GPT characters",0,14,"BaCap-"
"750","Participant16_active_mark_version3","Chat GPT characters",1,11,"BaCap-"
"751","Participant1_active_Robert_version3","Chat GPT characters",1,18,"BaCap-"
"752","Participant1_sedentary_Robert_version3","Chat GPT characters",0,13,"BaCap-"
"753","Participant2_James_active_version3","Chat GPT characters",1,3,"BaCap-"
"754","Participant2_sedentary_james_version3","Chat GPT characters",0,21,"BaCap-"
"755","Participant3_David_active_version3","Chat GPT characters",1,12,"BaCap-"
"756","Participant3_David_sedentary_version3","Chat GPT characters",0,7,"BaCap-"
"757","Participant4_Nancy_active_version3","Chat GPT characters",1,6,"BaCap-"
"758","Participant4_Nancy_sedentary_version3","Chat GPT characters",0,9,"BaCap-"
"759","Participant5_active_Michael_verison3","Chat GPT characters",1,6,"BaCap-"
"760","Participant5_sedentary_ Michael_version3","Chat GPT characters",0,11,"BaCap-"
"761","Participant6_Linda_sedentary_version3","Chat GPT characters",0,10,"BaCap-"
"762","Participant7_Mary_sedentary_version3","Chat GPT characters",0,19,"BaCap-"
"763","Participant7_active_Mary_version3","Chat GPT characters",1,4,"BaCap-"
"764","Participant8_active_John_version3","Chat GPT characters",1,3,"BaCap-"
"765","Participant8_sedentary_john_version3","Chat GPT characters",0,5,"BaCap-"
"766","Participant9_Muhammad_active_version3","Chat GPT characters",1,7,"BaCap-"
"767","Participant9_sedentary_Muhammad_version3","Chat GPT characters",0,10,"BaCap-"
"768","Participant_6_Linda_active_version3","Chat GPT characters",1,5,"BaCap-"
"769","Participant01","Human participants",1,2,"BaCon-"
"770","Participant02","Human participants",1,0,"BaCon-"
"771","Participant03","Human participants",0,0,"BaCon-"
"772","Participant04","Human participants",0,0,"BaCon-"
"773","Participant05","Human participants",0,0,"BaCon-"
"774","Participant06","Human participants",0,1,"BaCon-"
"775","Participant07","Human participants",1,0,"BaCon-"
"776","Participant08","Human participants",1,1,"BaCon-"
"777","Participant09","Human participants",0,1,"BaCon-"
"778","Participant10","Human participants",0,13,"BaCon-"
"779","Participant11","Human participants",1,0,"BaCon-"
"780","Participant12","Human participants",0,4,"BaCon-"
"781","Participant13","Human participants",0,1,"BaCon-"
"782","Participant14","Human participants",0,8,"BaCon-"
"783","Participant15","Human participants",1,2,"BaCon-"
"784","Participant16","Human participants",1,0,"BaCon-"
"785","Participant10_William_active_version3","Chat GPT characters",1,11,"BaCon-"
"786","Participant10_William_sedentary_version3","Chat GPT characters",0,10,"BaCon-"
"787","Participant11_Richard_active_version3","Chat GPT characters",1,1,"BaCon-"
"788","Participant11_sedentary_Richard_version3","Chat GPT characters",0,11,"BaCon-"
"789","Participant12_Johan_sedentary_version3","Chat GPT characters",0,7,"BaCon-"
"790","Participant12_active_Johan_version3","Chat GPT characters",1,18,"BaCon-"
"791","Participant13_Patricia_active_version3","Chat GPT characters",1,8,"BaCon-"
"792","Participant13_Patricia_sedentary_version3","Chat GPT characters",0,18,"BaCon-"
"793","Participant14_Thomas_active_version3","Chat GPT characters",1,10,"BaCon-"
"794","Participant14_Thomas_sedentary_version3","Chat GPT characters",0,13,"BaCon-"
"795","Participant15_active_Fares_version3","Chat GPT characters",1,11,"BaCon-"
"796","Participant15_sedentary_Fares_version3","Chat GPT characters",0,3,"BaCon-"
"797","Participant16_Mark_sedentary_version3","Chat GPT characters",0,0,"BaCon-"
"798","Participant16_active_mark_version3","Chat GPT characters",1,5,"BaCon-"
"799","Participant1_active_Robert_version3","Chat GPT characters",1,6,"BaCon-"
"800","Participant1_sedentary_Robert_version3","Chat GPT characters",0,6,"BaCon-"
"801","Participant2_James_active_version3","Chat GPT characters",1,4,"BaCon-"
"802","Participant2_sedentary_james_version3","Chat GPT characters",0,10,"BaCon-"
"803","Participant3_David_active_version3","Chat GPT characters",1,6,"BaCon-"
"804","Participant3_David_sedentary_version3","Chat GPT characters",0,6,"BaCon-"
"805","Participant4_Nancy_active_version3","Chat GPT characters",1,7,"BaCon-"
"806","Participant4_Nancy_sedentary_version3","Chat GPT characters",0,8,"BaCon-"
"807","Participant5_active_Michael_verison3","Chat GPT characters",1,9,"BaCon-"
"808","Participant5_sedentary_ Michael_version3","Chat GPT characters",0,4,"BaCon-"
"809","Participant6_Linda_sedentary_version3","Chat GPT characters",0,3,"BaCon-"
"810","Participant7_Mary_sedentary_version3","Chat GPT characters",0,6,"BaCon-"
"811","Participant7_active_Mary_version3","Chat GPT characters",1,2,"BaCon-"
"812","Participant8_active_John_version3","Chat GPT characters",1,4,"BaCon-"
"813","Participant8_sedentary_john_version3","Chat GPT characters",0,7,"BaCon-"
"814","Participant9_Muhammad_active_version3","Chat GPT characters",1,10,"BaCon-"
"815","Participant9_sedentary_Muhammad_version3","Chat GPT characters",0,9,"BaCon-"
"816","Participant_6_Linda_active_version3","Chat GPT characters",1,5,"BaCon-"
"817","Participant01","Human participants",1,2,"ECR-"
"818","Participant02","Human participants",1,0,"ECR-"
"819","Participant03","Human participants",0,1,"ECR-"
"820","Participant04","Human participants",0,5,"ECR-"
"821","Participant05","Human participants",0,3,"ECR-"
"822","Participant06","Human participants",0,2,"ECR-"
"823","Participant07","Human participants",1,2,"ECR-"
"824","Participant08","Human participants",1,0,"ECR-"
"825","Participant09","Human participants",0,7,"ECR-"
"826","Participant10","Human participants",0,2,"ECR-"
"827","Participant11","Human participants",1,0,"ECR-"
"828","Participant12","Human participants",0,0,"ECR-"
"829","Participant13","Human participants",0,3,"ECR-"
"830","Participant14","Human participants",0,1,"ECR-"
"831","Participant15","Human participants",1,2,"ECR-"
"832","Participant16","Human participants",1,6,"ECR-"
"833","Participant10_William_active_version3","Chat GPT characters",1,3,"ECR-"
"834","Participant10_William_sedentary_version3","Chat GPT characters",0,8,"ECR-"
"835","Participant11_Richard_active_version3","Chat GPT characters",1,4,"ECR-"
"836","Participant11_sedentary_Richard_version3","Chat GPT characters",0,4,"ECR-"
"837","Participant12_Johan_sedentary_version3","Chat GPT characters",0,5,"ECR-"
"838","Participant12_active_Johan_version3","Chat GPT characters",1,2,"ECR-"
"839","Participant13_Patricia_active_version3","Chat GPT characters",1,3,"ECR-"
"840","Participant13_Patricia_sedentary_version3","Chat GPT characters",0,9,"ECR-"
"841","Participant14_Thomas_active_version3","Chat GPT characters",1,2,"ECR-"
"842","Participant14_Thomas_sedentary_version3","Chat GPT characters",0,7,"ECR-"
"843","Participant15_active_Fares_version3","Chat GPT characters",1,3,"ECR-"
"844","Participant15_sedentary_Fares_version3","Chat GPT characters",0,7,"ECR-"
"845","Participant16_Mark_sedentary_version3","Chat GPT characters",0,12,"ECR-"
"846","Participant16_active_mark_version3","Chat GPT characters",1,1,"ECR-"
"847","Participant1_active_Robert_version3","Chat GPT characters",1,1,"ECR-"
"848","Participant1_sedentary_Robert_version3","Chat GPT characters",0,10,"ECR-"
"849","Participant2_James_active_version3","Chat GPT characters",1,8,"ECR-"
"850","Participant2_sedentary_james_version3","Chat GPT characters",0,7,"ECR-"
"851","Participant3_David_active_version3","Chat GPT characters",1,2,"ECR-"
"852","Participant3_David_sedentary_version3","Chat GPT characters",0,3,"ECR-"
"853","Participant4_Nancy_active_version3","Chat GPT characters",1,4,"ECR-"
"854","Participant4_Nancy_sedentary_version3","Chat GPT characters",0,5,"ECR-"
"855","Participant5_active_Michael_verison3","Chat GPT characters",1,7,"ECR-"
"856","Participant5_sedentary_ Michael_version3","Chat GPT characters",0,5,"ECR-"
"857","Participant6_Linda_sedentary_version3","Chat GPT characters",0,6,"ECR-"
"858","Participant7_Mary_sedentary_version3","Chat GPT characters",0,6,"ECR-"
"859","Participant7_active_Mary_version3","Chat GPT characters",1,6,"ECR-"
"860","Participant8_active_John_version3","Chat GPT characters",1,1,"ECR-"
"861","Participant8_sedentary_john_version3","Chat GPT characters",0,2,"ECR-"
"862","Participant9_Muhammad_active_version3","Chat GPT characters",1,5,"ECR-"
"863","Participant9_sedentary_Muhammad_version3","Chat GPT characters",0,3,"ECR-"
"864","Participant_6_Linda_active_version3","Chat GPT characters",1,5,"ECR-"
"865","Participant01","Human participants",1,4,"Emotion-"
"866","Participant02","Human participants",1,0,"Emotion-"
"867","Participant03","Human participants",0,0,"Emotion-"
"868","Participant04","Human participants",0,2,"Emotion-"
"869","Participant05","Human participants",0,1,"Emotion-"
"870","Participant06","Human participants",0,0,"Emotion-"
"871","Participant07","Human participants",1,0,"Emotion-"
"872","Participant08","Human participants",1,0,"Emotion-"
"873","Participant09","Human participants",0,3,"Emotion-"
"874","Participant10","Human participants",0,0,"Emotion-"
"875","Participant11","Human participants",1,0,"Emotion-"
"876","Participant12","Human participants",0,0,"Emotion-"
"877","Participant13","Human participants",0,2,"Emotion-"
"878","Participant14","Human participants",0,0,"Emotion-"
"879","Participant15","Human participants",1,1,"Emotion-"
"880","Participant16","Human participants",1,0,"Emotion-"
"881","Participant10_William_active_version3","Chat GPT characters",1,1,"Emotion-"
"882","Participant10_William_sedentary_version3","Chat GPT characters",0,1,"Emotion-"
"883","Participant11_Richard_active_version3","Chat GPT characters",1,1,"Emotion-"
"884","Participant11_sedentary_Richard_version3","Chat GPT characters",0,2,"Emotion-"
"885","Participant12_Johan_sedentary_version3","Chat GPT characters",0,1,"Emotion-"
"886","Participant12_active_Johan_version3","Chat GPT characters",1,3,"Emotion-"
"887","Participant13_Patricia_active_version3","Chat GPT characters",1,2,"Emotion-"
"888","Participant13_Patricia_sedentary_version3","Chat GPT characters",0,2,"Emotion-"
"889","Participant14_Thomas_active_version3","Chat GPT characters",1,1,"Emotion-"
"890","Participant14_Thomas_sedentary_version3","Chat GPT characters",0,4,"Emotion-"
"891","Participant15_active_Fares_version3","Chat GPT characters",1,2,"Emotion-"
"892","Participant15_sedentary_Fares_version3","Chat GPT characters",0,1,"Emotion-"
"893","Participant16_Mark_sedentary_version3","Chat GPT characters",0,1,"Emotion-"
"894","Participant16_active_mark_version3","Chat GPT characters",1,1,"Emotion-"
"895","Participant1_active_Robert_version3","Chat GPT characters",1,2,"Emotion-"
"896","Participant1_sedentary_Robert_version3","Chat GPT characters",0,0,"Emotion-"
"897","Participant2_James_active_version3","Chat GPT characters",1,1,"Emotion-"
"898","Participant2_sedentary_james_version3","Chat GPT characters",0,2,"Emotion-"
"899","Participant3_David_active_version3","Chat GPT characters",1,4,"Emotion-"
"900","Participant3_David_sedentary_version3","Chat GPT characters",0,1,"Emotion-"
"901","Participant4_Nancy_active_version3","Chat GPT characters",1,0,"Emotion-"
"902","Participant4_Nancy_sedentary_version3","Chat GPT characters",0,1,"Emotion-"
"903","Participant5_active_Michael_verison3","Chat GPT characters",1,2,"Emotion-"
"904","Participant5_sedentary_ Michael_version3","Chat GPT characters",0,4,"Emotion-"
"905","Participant6_Linda_sedentary_version3","Chat GPT characters",0,2,"Emotion-"
"906","Participant7_Mary_sedentary_version3","Chat GPT characters",0,2,"Emotion-"
"907","Participant7_active_Mary_version3","Chat GPT characters",1,1,"Emotion-"
"908","Participant8_active_John_version3","Chat GPT characters",1,2,"Emotion-"
"909","Participant8_sedentary_john_version3","Chat GPT characters",0,5,"Emotion-"
"910","Participant9_Muhammad_active_version3","Chat GPT characters",1,2,"Emotion-"
"911","Participant9_sedentary_Muhammad_version3","Chat GPT characters",0,2,"Emotion-"
"912","Participant_6_Linda_active_version3","Chat GPT characters",1,4,"Emotion-"
"913","Participant01","Human participants",1,4,"Goals-"
"914","Participant02","Human participants",1,0,"Goals-"
"915","Participant03","Human participants",0,7,"Goals-"
"916","Participant04","Human participants",0,3,"Goals-"
"917","Participant05","Human participants",0,1,"Goals-"
"918","Participant06","Human participants",0,2,"Goals-"
"919","Participant07","Human participants",1,0,"Goals-"
"920","Participant08","Human participants",1,1,"Goals-"
"921","Participant09","Human participants",0,0,"Goals-"
"922","Participant10","Human participants",0,3,"Goals-"
"923","Participant11","Human participants",1,0,"Goals-"
"924","Participant12","Human participants",0,0,"Goals-"
"925","Participant13","Human participants",0,0,"Goals-"
"926","Participant14","Human participants",0,1,"Goals-"
"927","Participant15","Human participants",1,5,"Goals-"
"928","Participant16","Human participants",1,5,"Goals-"
"929","Participant10_William_active_version3","Chat GPT characters",1,3,"Goals-"
"930","Participant10_William_sedentary_version3","Chat GPT characters",0,1,"Goals-"
"931","Participant11_Richard_active_version3","Chat GPT characters",1,1,"Goals-"
"932","Participant11_sedentary_Richard_version3","Chat GPT characters",0,2,"Goals-"
"933","Participant12_Johan_sedentary_version3","Chat GPT characters",0,2,"Goals-"
"934","Participant12_active_Johan_version3","Chat GPT characters",1,0,"Goals-"
"935","Participant13_Patricia_active_version3","Chat GPT characters",1,2,"Goals-"
"936","Participant13_Patricia_sedentary_version3","Chat GPT characters",0,3,"Goals-"
"937","Participant14_Thomas_active_version3","Chat GPT characters",1,4,"Goals-"
"938","Participant14_Thomas_sedentary_version3","Chat GPT characters",0,5,"Goals-"
"939","Participant15_active_Fares_version3","Chat GPT characters",1,2,"Goals-"
"940","Participant15_sedentary_Fares_version3","Chat GPT characters",0,1,"Goals-"
"941","Participant16_Mark_sedentary_version3","Chat GPT characters",0,1,"Goals-"
"942","Participant16_active_mark_version3","Chat GPT characters",1,0,"Goals-"
"943","Participant1_active_Robert_version3","Chat GPT characters",1,3,"Goals-"
"944","Participant1_sedentary_Robert_version3","Chat GPT characters",0,4,"Goals-"
"945","Participant2_James_active_version3","Chat GPT characters",1,3,"Goals-"
"946","Participant2_sedentary_james_version3","Chat GPT characters",0,4,"Goals-"
"947","Participant3_David_active_version3","Chat GPT characters",1,3,"Goals-"
"948","Participant3_David_sedentary_version3","Chat GPT characters",0,4,"Goals-"
"949","Participant4_Nancy_active_version3","Chat GPT characters",1,2,"Goals-"
"950","Participant4_Nancy_sedentary_version3","Chat GPT characters",0,1,"Goals-"
"951","Participant5_active_Michael_verison3","Chat GPT characters",1,4,"Goals-"
"952","Participant5_sedentary_ Michael_version3","Chat GPT characters",0,0,"Goals-"
"953","Participant6_Linda_sedentary_version3","Chat GPT characters",0,7,"Goals-"
"954","Participant7_Mary_sedentary_version3","Chat GPT characters",0,3,"Goals-"
"955","Participant7_active_Mary_version3","Chat GPT characters",1,4,"Goals-"
"956","Participant8_active_John_version3","Chat GPT characters",1,3,"Goals-"
"957","Participant8_sedentary_john_version3","Chat GPT characters",0,0,"Goals-"
"958","Participant9_Muhammad_active_version3","Chat GPT characters",1,2,"Goals-"
"959","Participant9_sedentary_Muhammad_version3","Chat GPT characters",0,5,"Goals-"
"960","Participant_6_Linda_active_version3","Chat GPT characters",1,0,"Goals-"
"961","Participant01","Human participants",1,1,"Intention-"
"962","Participant02","Human participants",1,0,"Intention-"
"963","Participant03","Human participants",0,1,"Intention-"
"964","Participant04","Human participants",0,0,"Intention-"
"965","Participant05","Human participants",0,0,"Intention-"
"966","Participant06","Human participants",0,2,"Intention-"
"967","Participant07","Human participants",1,0,"Intention-"
"968","Participant08","Human participants",1,0,"Intention-"
"969","Participant09","Human participants",0,0,"Intention-"
"970","Participant10","Human participants",0,0,"Intention-"
"971","Participant11","Human participants",1,0,"Intention-"
"972","Participant12","Human participants",0,0,"Intention-"
"973","Participant13","Human participants",0,2,"Intention-"
"974","Participant14","Human participants",0,0,"Intention-"
"975","Participant15","Human participants",1,0,"Intention-"
"976","Participant16","Human participants",1,1,"Intention-"
"977","Participant10_William_active_version3","Chat GPT characters",1,0,"Intention-"
"978","Participant10_William_sedentary_version3","Chat GPT characters",0,0,"Intention-"
"979","Participant11_Richard_active_version3","Chat GPT characters",1,0,"Intention-"
"980","Participant11_sedentary_Richard_version3","Chat GPT characters",0,0,"Intention-"
"981","Participant12_Johan_sedentary_version3","Chat GPT characters",0,0,"Intention-"
"982","Participant12_active_Johan_version3","Chat GPT characters",1,0,"Intention-"
"983","Participant13_Patricia_active_version3","Chat GPT characters",1,0,"Intention-"
"984","Participant13_Patricia_sedentary_version3","Chat GPT characters",0,0,"Intention-"
"985","Participant14_Thomas_active_version3","Chat GPT characters",1,0,"Intention-"
"986","Participant14_Thomas_sedentary_version3","Chat GPT characters",0,0,"Intention-"
"987","Participant15_active_Fares_version3","Chat GPT characters",1,0,"Intention-"
"988","Participant15_sedentary_Fares_version3","Chat GPT characters",0,0,"Intention-"
"989","Participant16_Mark_sedentary_version3","Chat GPT characters",0,0,"Intention-"
"990","Participant16_active_mark_version3","Chat GPT characters",1,0,"Intention-"
"991","Participant1_active_Robert_version3","Chat GPT characters",1,0,"Intention-"
"992","Participant1_sedentary_Robert_version3","Chat GPT characters",0,0,"Intention-"
"993","Participant2_James_active_version3","Chat GPT characters",1,0,"Intention-"
"994","Participant2_sedentary_james_version3","Chat GPT characters",0,0,"Intention-"
"995","Participant3_David_active_version3","Chat GPT characters",1,0,"Intention-"
"996","Participant3_David_sedentary_version3","Chat GPT characters",0,0,"Intention-"
"997","Participant4_Nancy_active_version3","Chat GPT characters",1,0,"Intention-"
"998","Participant4_Nancy_sedentary_version3","Chat GPT characters",0,0,"Intention-"
"999","Participant5_active_Michael_verison3","Chat GPT characters",1,0,"Intention-"
"1000","Participant5_sedentary_ Michael_version3","Chat GPT characters",0,0,"Intention-"
"1001","Participant6_Linda_sedentary_version3","Chat GPT characters",0,0,"Intention-"
"1002","Participant7_Mary_sedentary_version3","Chat GPT characters",0,0,"Intention-"
"1003","Participant7_active_Mary_version3","Chat GPT characters",1,0,"Intention-"
"1004","Participant8_active_John_version3","Chat GPT characters",1,0,"Intention-"
"1005","Participant8_sedentary_john_version3","Chat GPT characters",0,0,"Intention-"
"1006","Participant9_Muhammad_active_version3","Chat GPT characters",1,0,"Intention-"
"1007","Participant9_sedentary_Muhammad_version3","Chat GPT characters",0,0,"Intention-"
"1008","Participant_6_Linda_active_version3","Chat GPT characters",1,0,"Intention-"
"1009","Participant01","Human participants",1,0,"Knowledge-"
"1010","Participant02","Human participants",1,1,"Knowledge-"
"1011","Participant03","Human participants",0,0,"Knowledge-"
"1012","Participant04","Human participants",0,1,"Knowledge-"
"1013","Participant05","Human participants",0,0,"Knowledge-"
"1014","Participant06","Human participants",0,1,"Knowledge-"
"1015","Participant07","Human participants",1,0,"Knowledge-"
"1016","Participant08","Human participants",1,0,"Knowledge-"
"1017","Participant09","Human participants",0,1,"Knowledge-"
"1018","Participant10","Human participants",0,0,"Knowledge-"
"1019","Participant11","Human participants",1,0,"Knowledge-"
"1020","Participant12","Human participants",0,1,"Knowledge-"
"1021","Participant13","Human participants",0,1,"Knowledge-"
"1022","Participant14","Human participants",0,0,"Knowledge-"
"1023","Participant15","Human participants",1,0,"Knowledge-"
"1024","Participant16","Human participants",1,1,"Knowledge-"
"1025","Participant10_William_active_version3","Chat GPT characters",1,0,"Knowledge-"
"1026","Participant10_William_sedentary_version3","Chat GPT characters",0,0,"Knowledge-"
"1027","Participant11_Richard_active_version3","Chat GPT characters",1,0,"Knowledge-"
"1028","Participant11_sedentary_Richard_version3","Chat GPT characters",0,0,"Knowledge-"
"1029","Participant12_Johan_sedentary_version3","Chat GPT characters",0,0,"Knowledge-"
"1030","Participant12_active_Johan_version3","Chat GPT characters",1,0,"Knowledge-"
"1031","Participant13_Patricia_active_version3","Chat GPT characters",1,0,"Knowledge-"
"1032","Participant13_Patricia_sedentary_version3","Chat GPT characters",0,0,"Knowledge-"
"1033","Participant14_Thomas_active_version3","Chat GPT characters",1,0,"Knowledge-"
"1034","Participant14_Thomas_sedentary_version3","Chat GPT characters",0,0,"Knowledge-"
"1035","Participant15_active_Fares_version3","Chat GPT characters",1,0,"Knowledge-"
"1036","Participant15_sedentary_Fares_version3","Chat GPT characters",0,0,"Knowledge-"
"1037","Participant16_Mark_sedentary_version3","Chat GPT characters",0,0,"Knowledge-"
"1038","Participant16_active_mark_version3","Chat GPT characters",1,0,"Knowledge-"
"1039","Participant1_active_Robert_version3","Chat GPT characters",1,0,"Knowledge-"
"1040","Participant1_sedentary_Robert_version3","Chat GPT characters",0,0,"Knowledge-"
"1041","Participant2_James_active_version3","Chat GPT characters",1,0,"Knowledge-"
"1042","Participant2_sedentary_james_version3","Chat GPT characters",0,0,"Knowledge-"
"1043","Participant3_David_active_version3","Chat GPT characters",1,0,"Knowledge-"
"1044","Participant3_David_sedentary_version3","Chat GPT characters",0,0,"Knowledge-"
"1045","Participant4_Nancy_active_version3","Chat GPT characters",1,0,"Knowledge-"
"1046","Participant4_Nancy_sedentary_version3","Chat GPT characters",0,0,"Knowledge-"
"1047","Participant5_active_Michael_verison3","Chat GPT characters",1,2,"Knowledge-"
"1048","Participant5_sedentary_ Michael_version3","Chat GPT characters",0,2,"Knowledge-"
"1049","Participant6_Linda_sedentary_version3","Chat GPT characters",0,0,"Knowledge-"
"1050","Participant7_Mary_sedentary_version3","Chat GPT characters",0,1,"Knowledge-"
"1051","Participant7_active_Mary_version3","Chat GPT characters",1,0,"Knowledge-"
"1052","Participant8_active_John_version3","Chat GPT characters",1,0,"Knowledge-"
"1053","Participant8_sedentary_john_version3","Chat GPT characters",0,0,"Knowledge-"
"1054","Participant9_Muhammad_active_version3","Chat GPT characters",1,0,"Knowledge-"
"1055","Participant9_sedentary_Muhammad_version3","Chat GPT characters",0,0,"Knowledge-"
"1056","Participant_6_Linda_active_version3","Chat GPT characters",1,0,"Knowledge-"
"1057","Participant01","Human participants",1,3,"MADP-"
"1058","Participant02","Human participants",1,3,"MADP-"
"1059","Participant03","Human participants",0,1,"MADP-"
"1060","Participant04","Human participants",0,0,"MADP-"
"1061","Participant05","Human participants",0,1,"MADP-"
"1062","Participant06","Human participants",0,0,"MADP-"
"1063","Participant07","Human participants",1,0,"MADP-"
"1064","Participant08","Human participants",1,2,"MADP-"
"1065","Participant09","Human participants",0,0,"MADP-"
"1066","Participant10","Human participants",0,0,"MADP-"
"1067","Participant11","Human participants",1,0,"MADP-"
"1068","Participant12","Human participants",0,0,"MADP-"
"1069","Participant13","Human participants",0,1,"MADP-"
"1070","Participant14","Human participants",0,0,"MADP-"
"1071","Participant15","Human participants",1,1,"MADP-"
"1072","Participant16","Human participants",1,0,"MADP-"
"1073","Participant10_William_active_version3","Chat GPT characters",1,2,"MADP-"
"1074","Participant10_William_sedentary_version3","Chat GPT characters",0,0,"MADP-"
"1075","Participant11_Richard_active_version3","Chat GPT characters",1,1,"MADP-"
"1076","Participant11_sedentary_Richard_version3","Chat GPT characters",0,1,"MADP-"
"1077","Participant12_Johan_sedentary_version3","Chat GPT characters",0,4,"MADP-"
"1078","Participant12_active_Johan_version3","Chat GPT characters",1,1,"MADP-"
"1079","Participant13_Patricia_active_version3","Chat GPT characters",1,1,"MADP-"
"1080","Participant13_Patricia_sedentary_version3","Chat GPT characters",0,1,"MADP-"
"1081","Participant14_Thomas_active_version3","Chat GPT characters",1,2,"MADP-"
"1082","Participant14_Thomas_sedentary_version3","Chat GPT characters",0,3,"MADP-"
"1083","Participant15_active_Fares_version3","Chat GPT characters",1,0,"MADP-"
"1084","Participant15_sedentary_Fares_version3","Chat GPT characters",0,3,"MADP-"
"1085","Participant16_Mark_sedentary_version3","Chat GPT characters",0,0,"MADP-"
"1086","Participant16_active_mark_version3","Chat GPT characters",1,1,"MADP-"
"1087","Participant1_active_Robert_version3","Chat GPT characters",1,3,"MADP-"
"1088","Participant1_sedentary_Robert_version3","Chat GPT characters",0,2,"MADP-"
"1089","Participant2_James_active_version3","Chat GPT characters",1,3,"MADP-"
"1090","Participant2_sedentary_james_version3","Chat GPT characters",0,1,"MADP-"
"1091","Participant3_David_active_version3","Chat GPT characters",1,1,"MADP-"
"1092","Participant3_David_sedentary_version3","Chat GPT characters",0,2,"MADP-"
"1093","Participant4_Nancy_active_version3","Chat GPT characters",1,0,"MADP-"
"1094","Participant4_Nancy_sedentary_version3","Chat GPT characters",0,1,"MADP-"
"1095","Participant5_active_Michael_verison3","Chat GPT characters",1,2,"MADP-"
"1096","Participant5_sedentary_ Michael_version3","Chat GPT characters",0,2,"MADP-"
"1097","Participant6_Linda_sedentary_version3","Chat GPT characters",0,4,"MADP-"
"1098","Participant7_Mary_sedentary_version3","Chat GPT characters",0,2,"MADP-"
"1099","Participant7_active_Mary_version3","Chat GPT characters",1,4,"MADP-"
"1100","Participant8_active_John_version3","Chat GPT characters",1,1,"MADP-"
"1101","Participant8_sedentary_john_version3","Chat GPT characters",0,3,"MADP-"
"1102","Participant9_Muhammad_active_version3","Chat GPT characters",1,0,"MADP-"
"1103","Participant9_sedentary_Muhammad_version3","Chat GPT characters",0,7,"MADP-"
"1104","Participant_6_Linda_active_version3","Chat GPT characters",1,3,"MADP-"
"1105","Participant01","Human participants",1,0,"Optimism-"
"1106","Participant02","Human participants",1,0,"Optimism-"
"1107","Participant03","Human participants",0,0,"Optimism-"
"1108","Participant04","Human participants",0,0,"Optimism-"
"1109","Participant05","Human participants",0,0,"Optimism-"
"1110","Participant06","Human participants",0,0,"Optimism-"
"1111","Participant07","Human participants",1,0,"Optimism-"
"1112","Participant08","Human participants",1,0,"Optimism-"
"1113","Participant09","Human participants",0,0,"Optimism-"
"1114","Participant10","Human participants",0,1,"Optimism-"
"1115","Participant11","Human participants",1,0,"Optimism-"
"1116","Participant12","Human participants",0,0,"Optimism-"
"1117","Participant13","Human participants",0,0,"Optimism-"
"1118","Participant14","Human participants",0,0,"Optimism-"
"1119","Participant15","Human participants",1,0,"Optimism-"
"1120","Participant16","Human participants",1,0,"Optimism-"
"1121","Participant10_William_active_version3","Chat GPT characters",1,0,"Optimism-"
"1122","Participant10_William_sedentary_version3","Chat GPT characters",0,1,"Optimism-"
"1123","Participant11_Richard_active_version3","Chat GPT characters",1,0,"Optimism-"
"1124","Participant11_sedentary_Richard_version3","Chat GPT characters",0,2,"Optimism-"
"1125","Participant12_Johan_sedentary_version3","Chat GPT characters",0,0,"Optimism-"
"1126","Participant12_active_Johan_version3","Chat GPT characters",1,0,"Optimism-"
"1127","Participant13_Patricia_active_version3","Chat GPT characters",1,0,"Optimism-"
"1128","Participant13_Patricia_sedentary_version3","Chat GPT characters",0,1,"Optimism-"
"1129","Participant14_Thomas_active_version3","Chat GPT characters",1,0,"Optimism-"
"1130","Participant14_Thomas_sedentary_version3","Chat GPT characters",0,1,"Optimism-"
"1131","Participant15_active_Fares_version3","Chat GPT characters",1,0,"Optimism-"
"1132","Participant15_sedentary_Fares_version3","Chat GPT characters",0,0,"Optimism-"
"1133","Participant16_Mark_sedentary_version3","Chat GPT characters",0,1,"Optimism-"
"1134","Participant16_active_mark_version3","Chat GPT characters",1,0,"Optimism-"
"1135","Participant1_active_Robert_version3","Chat GPT characters",1,0,"Optimism-"
"1136","Participant1_sedentary_Robert_version3","Chat GPT characters",0,0,"Optimism-"
"1137","Participant2_James_active_version3","Chat GPT characters",1,2,"Optimism-"
"1138","Participant2_sedentary_james_version3","Chat GPT characters",0,0,"Optimism-"
"1139","Participant3_David_active_version3","Chat GPT characters",1,0,"Optimism-"
"1140","Participant3_David_sedentary_version3","Chat GPT characters",0,0,"Optimism-"
"1141","Participant4_Nancy_active_version3","Chat GPT characters",1,0,"Optimism-"
"1142","Participant4_Nancy_sedentary_version3","Chat GPT characters",0,0,"Optimism-"
"1143","Participant5_active_Michael_verison3","Chat GPT characters",1,0,"Optimism-"
"1144","Participant5_sedentary_ Michael_version3","Chat GPT characters",0,1,"Optimism-"
"1145","Participant6_Linda_sedentary_version3","Chat GPT characters",0,0,"Optimism-"
"1146","Participant7_Mary_sedentary_version3","Chat GPT characters",0,1,"Optimism-"
"1147","Participant7_active_Mary_version3","Chat GPT characters",1,1,"Optimism-"
"1148","Participant8_active_John_version3","Chat GPT characters",1,0,"Optimism-"
"1149","Participant8_sedentary_john_version3","Chat GPT characters",0,0,"Optimism-"
"1150","Participant9_Muhammad_active_version3","Chat GPT characters",1,0,"Optimism-"
"1151","Participant9_sedentary_Muhammad_version3","Chat GPT characters",0,0,"Optimism-"
"1152","Participant_6_Linda_active_version3","Chat GPT characters",1,0,"Optimism-"
"1153","Participant01","Human participants",1,0,"Reinforcement-"
"1154","Participant02","Human participants",1,0,"Reinforcement-"
"1155","Participant03","Human participants",0,1,"Reinforcement-"
"1156","Participant04","Human participants",0,0,"Reinforcement-"
"1157","Participant05","Human participants",0,1,"Reinforcement-"
"1158","Participant06","Human participants",0,0,"Reinforcement-"
"1159","Participant07","Human participants",1,0,"Reinforcement-"
"1160","Participant08","Human participants",1,0,"Reinforcement-"
"1161","Participant09","Human participants",0,0,"Reinforcement-"
"1162","Participant10","Human participants",0,1,"Reinforcement-"
"1163","Participant11","Human participants",1,0,"Reinforcement-"
"1164","Participant12","Human participants",0,0,"Reinforcement-"
"1165","Participant13","Human participants",0,0,"Reinforcement-"
"1166","Participant14","Human participants",0,2,"Reinforcement-"
"1167","Participant15","Human participants",1,0,"Reinforcement-"
"1168","Participant16","Human participants",1,0,"Reinforcement-"
"1169","Participant10_William_active_version3","Chat GPT characters",1,0,"Reinforcement-"
"1170","Participant10_William_sedentary_version3","Chat GPT characters",0,0,"Reinforcement-"
"1171","Participant11_Richard_active_version3","Chat GPT characters",1,0,"Reinforcement-"
"1172","Participant11_sedentary_Richard_version3","Chat GPT characters",0,0,"Reinforcement-"
"1173","Participant12_Johan_sedentary_version3","Chat GPT characters",0,0,"Reinforcement-"
"1174","Participant12_active_Johan_version3","Chat GPT characters",1,0,"Reinforcement-"
"1175","Participant13_Patricia_active_version3","Chat GPT characters",1,0,"Reinforcement-"
"1176","Participant13_Patricia_sedentary_version3","Chat GPT characters",0,0,"Reinforcement-"
"1177","Participant14_Thomas_active_version3","Chat GPT characters",1,0,"Reinforcement-"
"1178","Participant14_Thomas_sedentary_version3","Chat GPT characters",0,0,"Reinforcement-"
"1179","Participant15_active_Fares_version3","Chat GPT characters",1,0,"Reinforcement-"
"1180","Participant15_sedentary_Fares_version3","Chat GPT characters",0,0,"Reinforcement-"
"1181","Participant16_Mark_sedentary_version3","Chat GPT characters",0,0,"Reinforcement-"
"1182","Participant16_active_mark_version3","Chat GPT characters",1,0,"Reinforcement-"
"1183","Participant1_active_Robert_version3","Chat GPT characters",1,0,"Reinforcement-"
"1184","Participant1_sedentary_Robert_version3","Chat GPT characters",0,0,"Reinforcement-"
"1185","Participant2_James_active_version3","Chat GPT characters",1,0,"Reinforcement-"
"1186","Participant2_sedentary_james_version3","Chat GPT characters",0,1,"Reinforcement-"
"1187","Participant3_David_active_version3","Chat GPT characters",1,0,"Reinforcement-"
"1188","Participant3_David_sedentary_version3","Chat GPT characters",0,0,"Reinforcement-"
"1189","Participant4_Nancy_active_version3","Chat GPT characters",1,0,"Reinforcement-"
"1190","Participant4_Nancy_sedentary_version3","Chat GPT characters",0,0,"Reinforcement-"
"1191","Participant5_active_Michael_verison3","Chat GPT characters",1,0,"Reinforcement-"
"1192","Participant5_sedentary_ Michael_version3","Chat GPT characters",0,0,"Reinforcement-"
"1193","Participant6_Linda_sedentary_version3","Chat GPT characters",0,0,"Reinforcement-"
"1194","Participant7_Mary_sedentary_version3","Chat GPT characters",0,0,"Reinforcement-"
"1195","Participant7_active_Mary_version3","Chat GPT characters",1,0,"Reinforcement-"
"1196","Participant8_active_John_version3","Chat GPT characters",1,0,"Reinforcement-"
"1197","Participant8_sedentary_john_version3","Chat GPT characters",0,1,"Reinforcement-"
"1198","Participant9_Muhammad_active_version3","Chat GPT characters",1,0,"Reinforcement-"
"1199","Participant9_sedentary_Muhammad_version3","Chat GPT characters",0,0,"Reinforcement-"
"1200","Participant_6_Linda_active_version3","Chat GPT characters",1,0,"Reinforcement-"
"1201","Participant01","Human participants",1,8,"SI-"
"1202","Participant02","Human participants",1,5,"SI-"
"1203","Participant03","Human participants",0,4,"SI-"
"1204","Participant04","Human participants",0,6,"SI-"
"1205","Participant05","Human participants",0,2,"SI-"
"1206","Participant06","Human participants",0,3,"SI-"
"1207","Participant07","Human participants",1,0,"SI-"
"1208","Participant08","Human participants",1,0,"SI-"
"1209","Participant09","Human participants",0,0,"SI-"
"1210","Participant10","Human participants",0,1,"SI-"
"1211","Participant11","Human participants",1,0,"SI-"
"1212","Participant12","Human participants",0,0,"SI-"
"1213","Participant13","Human participants",0,3,"SI-"
"1214","Participant14","Human participants",0,0,"SI-"
"1215","Participant15","Human participants",1,0,"SI-"
"1216","Participant16","Human participants",1,0,"SI-"
"1217","Participant10_William_active_version3","Chat GPT characters",1,0,"SI-"
"1218","Participant10_William_sedentary_version3","Chat GPT characters",0,2,"SI-"
"1219","Participant11_Richard_active_version3","Chat GPT characters",1,0,"SI-"
"1220","Participant11_sedentary_Richard_version3","Chat GPT characters",0,2,"SI-"
"1221","Participant12_Johan_sedentary_version3","Chat GPT characters",0,1,"SI-"
"1222","Participant12_active_Johan_version3","Chat GPT characters",1,0,"SI-"
"1223","Participant13_Patricia_active_version3","Chat GPT characters",1,0,"SI-"
"1224","Participant13_Patricia_sedentary_version3","Chat GPT characters",0,0,"SI-"
"1225","Participant14_Thomas_active_version3","Chat GPT characters",1,0,"SI-"
"1226","Participant14_Thomas_sedentary_version3","Chat GPT characters",0,0,"SI-"
"1227","Participant15_active_Fares_version3","Chat GPT characters",1,0,"SI-"
"1228","Participant15_sedentary_Fares_version3","Chat GPT characters",0,0,"SI-"
"1229","Participant16_Mark_sedentary_version3","Chat GPT characters",0,0,"SI-"
"1230","Participant16_active_mark_version3","Chat GPT characters",1,0,"SI-"
"1231","Participant1_active_Robert_version3","Chat GPT characters",1,0,"SI-"
"1232","Participant1_sedentary_Robert_version3","Chat GPT characters",0,0,"SI-"
"1233","Participant2_James_active_version3","Chat GPT characters",1,0,"SI-"
"1234","Participant2_sedentary_james_version3","Chat GPT characters",0,0,"SI-"
"1235","Participant3_David_active_version3","Chat GPT characters",1,0,"SI-"
"1236","Participant3_David_sedentary_version3","Chat GPT characters",0,0,"SI-"
"1237","Participant4_Nancy_active_version3","Chat GPT characters",1,0,"SI-"
"1238","Participant4_Nancy_sedentary_version3","Chat GPT characters",0,0,"SI-"
"1239","Participant5_active_Michael_verison3","Chat GPT characters",1,0,"SI-"
"1240","Participant5_sedentary_ Michael_version3","Chat GPT characters",0,0,"SI-"
"1241","Participant6_Linda_sedentary_version3","Chat GPT characters",0,0,"SI-"
"1242","Participant7_Mary_sedentary_version3","Chat GPT characters",0,0,"SI-"
"1243","Participant7_active_Mary_version3","Chat GPT characters",1,0,"SI-"
"1244","Participant8_active_John_version3","Chat GPT characters",1,0,"SI-"
"1245","Participant8_sedentary_john_version3","Chat GPT characters",0,0,"SI-"
"1246","Participant9_Muhammad_active_version3","Chat GPT characters",1,1,"SI-"
"1247","Participant9_sedentary_Muhammad_version3","Chat GPT characters",0,0,"SI-"
"1248","Participant_6_Linda_active_version3","Chat GPT characters",1,0,"SI-"
"1249","Participant01","Human participants",1,0,"SPR-"
"1250","Participant02","Human participants",1,0,"SPR-"
"1251","Participant03","Human participants",0,0,"SPR-"
"1252","Participant04","Human participants",0,3,"SPR-"
"1253","Participant05","Human participants",0,0,"SPR-"
"1254","Participant06","Human participants",0,12,"SPR-"
"1255","Participant07","Human participants",1,0,"SPR-"
"1256","Participant08","Human participants",1,0,"SPR-"
"1257","Participant09","Human participants",0,0,"SPR-"
"1258","Participant10","Human participants",0,0,"SPR-"
"1259","Participant11","Human participants",1,0,"SPR-"
"1260","Participant12","Human participants",0,0,"SPR-"
"1261","Participant13","Human participants",0,1,"SPR-"
"1262","Participant14","Human participants",0,0,"SPR-"
"1263","Participant15","Human participants",1,0,"SPR-"
"1264","Participant16","Human participants",1,0,"SPR-"
"1265","Participant10_William_active_version3","Chat GPT characters",1,0,"SPR-"
"1266","Participant10_William_sedentary_version3","Chat GPT characters",0,2,"SPR-"
"1267","Participant11_Richard_active_version3","Chat GPT characters",1,0,"SPR-"
"1268","Participant11_sedentary_Richard_version3","Chat GPT characters",0,1,"SPR-"
"1269","Participant12_Johan_sedentary_version3","Chat GPT characters",0,0,"SPR-"
"1270","Participant12_active_Johan_version3","Chat GPT characters",1,0,"SPR-"
"1271","Participant13_Patricia_active_version3","Chat GPT characters",1,0,"SPR-"
"1272","Participant13_Patricia_sedentary_version3","Chat GPT characters",0,0,"SPR-"
"1273","Participant14_Thomas_active_version3","Chat GPT characters",1,0,"SPR-"
"1274","Participant14_Thomas_sedentary_version3","Chat GPT characters",0,1,"SPR-"
"1275","Participant15_active_Fares_version3","Chat GPT characters",1,0,"SPR-"
"1276","Participant15_sedentary_Fares_version3","Chat GPT characters",0,0,"SPR-"
"1277","Participant16_Mark_sedentary_version3","Chat GPT characters",0,0,"SPR-"
"1278","Participant16_active_mark_version3","Chat GPT characters",1,0,"SPR-"
"1279","Participant1_active_Robert_version3","Chat GPT characters",1,0,"SPR-"
"1280","Participant1_sedentary_Robert_version3","Chat GPT characters",0,0,"SPR-"
"1281","Participant2_James_active_version3","Chat GPT characters",1,0,"SPR-"
"1282","Participant2_sedentary_james_version3","Chat GPT characters",0,0,"SPR-"
"1283","Participant3_David_active_version3","Chat GPT characters",1,0,"SPR-"
"1284","Participant3_David_sedentary_version3","Chat GPT characters",0,1,"SPR-"
"1285","Participant4_Nancy_active_version3","Chat GPT characters",1,0,"SPR-"
"1286","Participant4_Nancy_sedentary_version3","Chat GPT characters",0,0,"SPR-"
"1287","Participant5_active_Michael_verison3","Chat GPT characters",1,0,"SPR-"
"1288","Participant5_sedentary_ Michael_version3","Chat GPT characters",0,0,"SPR-"
"1289","Participant6_Linda_sedentary_version3","Chat GPT characters",0,0,"SPR-"
"1290","Participant7_Mary_sedentary_version3","Chat GPT characters",0,0,"SPR-"
"1291","Participant7_active_Mary_version3","Chat GPT characters",1,0,"SPR-"
"1292","Participant8_active_John_version3","Chat GPT characters",1,0,"SPR-"
"1293","Participant8_sedentary_john_version3","Chat GPT characters",0,1,"SPR-"
"1294","Participant9_Muhammad_active_version3","Chat GPT characters",1,0,"SPR-"
"1295","Participant9_sedentary_Muhammad_version3","Chat GPT characters",0,0,"SPR-"
"1296","Participant_6_Linda_active_version3","Chat GPT characters",1,0,"SPR-"
"1297","Participant01","Human participants",1,1,"Skills-"
"1298","Participant02","Human participants",1,0,"Skills-"
"1299","Participant03","Human participants",0,0,"Skills-"
"1300","Participant04","Human participants",0,0,"Skills-"
"1301","Participant05","Human participants",0,0,"Skills-"
"1302","Participant06","Human participants",0,0,"Skills-"
"1303","Participant07","Human participants",1,0,"Skills-"
"1304","Participant08","Human participants",1,0,"Skills-"
"1305","Participant09","Human participants",0,0,"Skills-"
"1306","Participant10","Human participants",0,0,"Skills-"
"1307","Participant11","Human participants",1,0,"Skills-"
"1308","Participant12","Human participants",0,0,"Skills-"
"1309","Participant13","Human participants",0,0,"Skills-"
"1310","Participant14","Human participants",0,0,"Skills-"
"1311","Participant15","Human participants",1,0,"Skills-"
"1312","Participant16","Human participants",1,2,"Skills-"
"1313","Participant10_William_active_version3","Chat GPT characters",1,2,"Skills-"
"1314","Participant10_William_sedentary_version3","Chat GPT characters",0,2,"Skills-"
"1315","Participant11_Richard_active_version3","Chat GPT characters",1,2,"Skills-"
"1316","Participant11_sedentary_Richard_version3","Chat GPT characters",0,1,"Skills-"
"1317","Participant12_Johan_sedentary_version3","Chat GPT characters",0,1,"Skills-"
"1318","Participant12_active_Johan_version3","Chat GPT characters",1,1,"Skills-"
"1319","Participant13_Patricia_active_version3","Chat GPT characters",1,0,"Skills-"
"1320","Participant13_Patricia_sedentary_version3","Chat GPT characters",0,2,"Skills-"
"1321","Participant14_Thomas_active_version3","Chat GPT characters",1,1,"Skills-"
"1322","Participant14_Thomas_sedentary_version3","Chat GPT characters",0,1,"Skills-"
"1323","Participant15_active_Fares_version3","Chat GPT characters",1,1,"Skills-"
"1324","Participant15_sedentary_Fares_version3","Chat GPT characters",0,4,"Skills-"
"1325","Participant16_Mark_sedentary_version3","Chat GPT characters",0,1,"Skills-"
"1326","Participant16_active_mark_version3","Chat GPT characters",1,1,"Skills-"
"1327","Participant1_active_Robert_version3","Chat GPT characters",1,1,"Skills-"
"1328","Participant1_sedentary_Robert_version3","Chat GPT characters",0,2,"Skills-"
"1329","Participant2_James_active_version3","Chat GPT characters",1,2,"Skills-"
"1330","Participant2_sedentary_james_version3","Chat GPT characters",0,3,"Skills-"
"1331","Participant3_David_active_version3","Chat GPT characters",1,3,"Skills-"
"1332","Participant3_David_sedentary_version3","Chat GPT characters",0,1,"Skills-"
"1333","Participant4_Nancy_active_version3","Chat GPT characters",1,1,"Skills-"
"1334","Participant4_Nancy_sedentary_version3","Chat GPT characters",0,2,"Skills-"
"1335","Participant5_active_Michael_verison3","Chat GPT characters",1,2,"Skills-"
"1336","Participant5_sedentary_ Michael_version3","Chat GPT characters",0,1,"Skills-"
"1337","Participant6_Linda_sedentary_version3","Chat GPT characters",0,1,"Skills-"
"1338","Participant7_Mary_sedentary_version3","Chat GPT characters",0,1,"Skills-"
"1339","Participant7_active_Mary_version3","Chat GPT characters",1,3,"Skills-"
"1340","Participant8_active_John_version3","Chat GPT characters",1,0,"Skills-"
"1341","Participant8_sedentary_john_version3","Chat GPT characters",0,0,"Skills-"
"1342","Participant9_Muhammad_active_version3","Chat GPT characters",1,2,"Skills-"
"1343","Participant9_sedentary_Muhammad_version3","Chat GPT characters",0,2,"Skills-"
"1344","Participant_6_Linda_active_version3","Chat GPT characters",1,1,"Skills-"
